Price,Close,High,Low,Open,Volume
Ticker,TCS.NS,TCS.NS,TCS.NS,TCS.NS,TCS.NS
Date,,,,,
2015-01-01,970.3306274414062,978.5070703240652,968.5962079055122,978.5070703240652,366830
2015-01-02,983.2529296875,987.6365808167918,972.2557389967459,972.4081765933361,925740
2015-01-05,968.3101196289062,991.0478832641111,962.36356616852,983.8434873584124,1754242
2015-01-06,932.6121826171875,964.0601111689864,930.0963111077494,964.0601111689864,2423784
2015-01-07,921.5957641601562,945.019686008026,917.6885975251638,941.5318622859832,2636332
2015-01-08,931.544921875,933.527075902078,922.6823230531448,931.011204172512,1565408
2015-01-09,957.656005859375,960.552970880048,933.9080399452655,935.813974720664,3197642
2015-01-12,956.664794921875,963.6405341735109,945.4388587357004,959.4474780517116,1596006
2015-01-13,952.1669311523438,964.5555081459277,945.3818772802869,960.5912007332722,1468432
2015-01-14,961.3344116210938,965.0891403104482,953.1579701419383,959.0663678772712,1787096
2015-01-15,967.8721313476562,984.1297227365575,961.8302790336085,965.5468529841,5009920
2015-01-16,965.2225952148438,970.1208852398732,946.9828536623187,969.625323542429,5293830
2015-01-19,957.1604614257812,972.4079399032927,954.110965730279,966.6901354742258,1135074
2015-01-20,953.138916015625,964.4030093021344,946.5825189128558,960.5911397001497,2058566
2015-01-21,958.227783203125,961.3534976120585,948.4884379195894,961.3534976120585,2310480
2015-01-22,958.1324462890625,961.0675670979974,951.2520034479138,959.2569291431276,2113214
2015-01-23,954.3394775390625,965.1842252936245,951.4805760362851,958.3037837309671,3150380
2015-01-27,955.6573486328125,960.6035790280177,950.8829769676634,959.5914495347847,2738736
2015-01-28,969.99951171875,972.023770563213,955.9818828936599,956.0201151640778,3121980
2015-01-29,971.9284057617188,981.114316009915,959.8015010529366,969.3884771933608,3734392
2015-01-30,948.0189208984375,983.5211511814762,943.4164052109694,978.0592480803543,5817402
2015-02-02,960.2980346679688,963.0671703320187,940.3793926739271,947.9992714720091,3181802
2015-02-03,977.123046875,979.7012079485488,957.5863524841142,959.3241494230123,2345054
2015-02-04,960.3364868164062,982.2603700005527,955.6767174888788,980.8471742638519,2245418
2015-02-05,974.8887939453125,989.8994422253338,962.1317058088139,962.5136556721759,4530168
2015-02-06,983.8068237304688,991.0829833071,974.2963146220524,975.117469080418,2136416
2015-02-09,959.8013305664062,981.2669775620226,954.8742169069407,978.3641226428514,2076432
2015-02-10,932.3968505859375,964.9008205236549,929.2839965696397,958.6941353842153,3799054
2015-02-11,939.5582885742188,950.0046530469195,934.7266608379028,937.705887968554,2937522
2015-02-12,940.417724609375,947.1591949723525,934.6312220586564,947.1591949723525,3107980
2015-02-13,969.6749877929688,973.1125357556026,939.691930563329,943.4159408561824,4158326
2015-02-16,987.2637939453125,991.1596629880912,975.8816720364443,977.7914209054002,2364392
2015-02-18,1006.6859741210938,1009.493342509584,979.7967449385964,987.3593697866315,2660014
2015-02-19,1024.026123046875,1026.4133083483357,1006.4373230958275,1006.8192727440612,2618002
2015-02-20,1021.926025390625,1030.8063601467395,1009.2070756706806,1030.8063601467395,1801588
2015-02-23,1029.98486328125,1039.6673277516827,1020.187888473455,1020.187888473455,1614892
2015-02-24,1033.0787353515625,1042.722967930406,1023.2435278701677,1028.9727749467083,2199922
2015-02-25,1020.6461181640625,1039.6672346409623,1018.9846926770371,1035.083837574213,1767994
2015-02-26,1014.6304931640625,1028.4952890839377,1002.7519107364251,1023.2434795119743,1991994
2015-02-27,1016.8841552734375,1022.0022456356203,999.2953471583394,1015.7764448297474,2877376
2015-03-02,1019.5765991210938,1034.682729994871,1013.1408019488283,1023.5107000947771,2176038
2015-03-03,1060.29248046875,1065.63977683999,1022.1547615498046,1024.3892048332807,3424308
2015-03-04,1048.834228515625,1074.081149466135,1037.24201392689,1064.8761213042835,3862994
2015-03-05,1029.90869140625,1058.2684687882406,1024.0267008045914,1050.3621252589146,2173514
2015-03-09,1010.9443969726562,1023.5487359800053,996.8886305812416,1008.3471205879225,2883174
2015-03-10,1009.3786010742188,1022.9569335437603,991.2551038101163,1011.746670910456,3037052
2015-03-11,995.5711059570312,1015.9671846198087,992.2290457571742,1009.111205488277,2240200
2015-03-12,1000.3455200195312,1002.5798701266414,989.288093311505,1002.1979203733455,1827636
2015-03-13,986.3283081054688,1008.328565203355,983.5209391928341,1007.58378158862,1586838
2015-03-16,978.6701049804688,996.8890939089092,974.7360029331556,987.4167191176579,1556296
2015-03-17,986.8434448242188,995.6282881341635,976.9318685222344,986.3851238231532,1267318
2015-03-18,977.543212890625,992.8593432152745,974.6212411055737,989.6127700648566,1255170
2015-03-19,991.637451171875,995.3042075978142,980.885598534073,983.902965515166,2448964
2015-03-20,997.25146484375,999.9442286471741,984.9909364772989,991.5413359694668,1963908
2015-03-23,999.6197509765625,1004.9097923141807,995.3610485635708,999.1805460638147,1566608
2015-03-24,989.746337890625,1007.2014216176518,986.2324190817036,1004.5277735511658,2394878
2015-03-25,983.0432739257812,998.4167530032024,972.1385887501655,989.7846504326177,2224858
2015-03-26,959.8779907226562,987.9894374477374,955.2563612711826,975.2323526097912,3091642
2015-03-27,960.5269165039062,982.33618370817,956.4400742475397,966.714481656009,2751776
2015-03-30,979.376708984375,981.5729207080003,962.5136597453735,964.4234090702652,1339006
2015-03-31,975.4805297851562,981.4007508156162,962.8953043735199,981.4007508156162,2427028
2015-04-01,971.164306640625,979.1662269545052,963.3725705479201,977.0272714685617,2075758
2015-04-06,972.9407958984375,978.8991571454268,954.9127830302016,977.027640325747,1568542
2015-04-07,987.340087890625,992.6873843047329,971.6801483921663,978.7271025165829,1886922
2015-04-08,1008.8817138671875,1014.649190571295,989.5742346992188,990.7773387321434,1652134
2015-04-09,1017.7243041992188,1026.4709168549925,1006.4949247258156,1015.6044642718887,2544450
2015-04-10,1013.5990600585938,1020.1113213741436,1003.7638548597208,1011.593824047173,1815544
2015-04-13,1014.2678833007812,1017.896407078359,1003.7642618393724,1017.514457207035,1308642
2015-04-15,1003.668701171875,1036.5736428868156,996.6598842444558,1013.962230803431,2913934
2015-04-16,986.5001220703125,1003.3822873181955,982.1268148009872,1003.3631711752029,3217570
2015-04-17,945.2685546875,977.791544745154,943.4160607502073,976.6839275606598,9668742
2015-04-20,927.6796264648438,948.7250029882448,926.1709435127632,947.2545523132118,2890722
2015-04-21,927.0112915039062,936.5409204746672,917.0614804484812,927.6797036616675,2546032
2015-04-22,933.9057006835938,944.5620651703972,919.563463858546,928.7111449501904,4186812
2015-04-23,938.5460815429688,947.1590675908839,928.7872461738089,944.179840705756,4342990
2015-04-24,952.2198486328125,960.2216772937031,934.8411349029543,937.8012454833148,3625158
2015-04-27,954.9509887695312,962.5136143896303,949.5273195923099,954.6836425265401,2733052
2015-04-28,952.9647216796875,958.693968503413,937.7249624283614,958.693968503413,3088298
2015-04-29,950.0238037109375,952.964798668156,936.178122768364,948.7633506579958,2019620
2015-04-30,941.0097045898438,951.055002990195,927.0303978449668,947.2355049862183,3738054
2015-05-04,947.8273315429688,956.7076623945592,938.52681870615,951.4367376908235,1890630
2015-05-05,961.6923828125,968.796593450002,954.8745412879175,955.2564911044327,3255070
2015-05-06,940.7615966796875,960.6038727370244,937.9924602672248,960.6038727370244,3394406
2015-05-07,972.157958984375,975.4045330542571,937.1904278523958,941.4682479769316,3205028
2015-05-08,965.2825927734375,988.486042179308,961.1002612835058,977.7914482144624,3003664
2015-05-11,976.263671875,978.9564365682095,964.4232282802719,968.2427262140552,2573082
2015-05-12,963.6212768554688,979.7014034675344,959.840010492754,977.7916541430363,2467386
2015-05-13,960.7567138671875,972.8263676641096,947.4075838913047,972.8263676641096,1863774
2015-05-14,954.5877075195312,962.5131631286262,949.1449247518397,962.5131631286262,1309050
2015-05-15,959.1332397460938,967.2496733073008,955.2564864272333,960.6037838322637,1461454
2015-05-18,962.6663208007812,964.5188147887095,953.7669643006344,960.2601114549391,4507752
2015-05-19,959.7254028320312,966.3331541167967,953.6333211624949,962.2844482661603,1957722
2015-05-20,976.6646728515625,981.5726714203743,961.3293337176744,962.5134152981805,1897814
2015-05-21,976.0728759765625,985.4306476304173,973.2655071806148,976.6458007716965,1579578
2015-05-22,999.90625,1004.0504422396963,969.8659383574508,973.9718983209607,2691632
2015-05-25,993.4514770507812,1007.1634382231678,987.607626182942,1000.7085235959427,982978
2015-05-26,996.4501342773438,1001.9501760915135,988.8301584052692,994.9795897144354,1961740
2015-05-27,998.8941040039062,1005.7309673681802,990.0137721357901,996.1249682600851,1620690
2015-05-28,996.6981201171875,1001.8544430225647,986.2899868452222,994.5591636862785,2763608
2015-05-29,997.0037231445312,1011.6324212114071,992.0192588969442,999.562768517972,4423532
2015-06-01,999.8490600585938,1011.0593236644497,996.2587693421231,996.6788581603066,882264
2015-06-02,993.0316162109375,1004.5283467568895,989.4413240584496,999.1810475726323,3935820
2015-06-03,997.2326049804688,1002.8473411302715,989.4408670676736,994.5971888995259,1804684
2015-06-04,995.2271728515625,1001.7776659873756,988.6767729651856,999.6005714033817,4131468
2015-06-05,992.9915771484375,1005.7708820624108,990.736361402988,999.2173730570214,2308534
2015-06-08,993.6085205078125,998.4465719480527,987.5175920950506,998.4465719480527,1570320
2015-06-09,987.517333984375,998.4463109808343,983.4117912401962,996.5188084499832,2578914
2015-06-10,1002.5903930664062,1006.1562725764953,988.3461688736946,989.1942511230985,2763350
2015-06-11,991.2379150390625,1007.3132745350024,985.6288613346221,1004.4220194416184,1847336
2015-06-12,965.987060546875,998.0413857861784,954.807547333536,991.4685841943818,2571456
2015-06-15,965.601806640625,971.6348526651748,956.4268746306531,965.7945569176567,2525176
2015-06-16,968.377197265625,971.1913695682055,961.6116450777052,963.7511915462032,1267396
2015-06-17,969.071044921875,974.9884203283713,964.445039546275,971.846629323971,1975720
2015-06-18,975.3358154296875,981.6002002026581,966.8355083452467,969.5340125551417,2165046
2015-06-19,982.8531494140625,984.954109022952,974.1986790993451,977.2440964278604,1999610
2015-06-22,999.0245971679688,1002.3013515866172,981.869824035044,981.869824035044,1102002
2015-06-23,992.5098266601562,1005.3855083304238,989.6570659105731,1002.3015037036433,898318
2015-06-24,990.85205078125,997.6368037743324,986.4380884482647,994.591387173323,1170246
2015-06-25,983.0266723632812,991.8931874473423,980.7714558801348,987.6526802332262,1930992
2015-06-26,999.5258178710938,1000.8943636099052,983.1034572380412,983.1034572380412,1290102
2015-06-29,999.5645141601562,1003.8436086639088,980.4822335807155,991.5075888953816,1372756
2015-06-30,983.3927612304688,997.9647030965409,979.1715483786437,996.5190758105489,1549952
2015-07-01,999.6415405273438,1005.3854612290843,985.6285575143639,988.3848488738786,1279708
2015-07-02,993.72412109375,1003.4387168962431,991.1412860284246,1002.3015090073707,1445880
2015-07-03,1003.8048706054688,1006.156461668167,990.7364392671224,991.9122347984716,963470
2015-07-06,1015.1386108398438,1019.6489484235904,994.7070818166112,994.7070818166112,1182338
2015-07-07,1008.5659790039062,1020.3815351486547,1003.4580958804273,1014.9267391199365,1642836
2015-07-08,1000.4125366210938,1010.6667950034002,994.7841908226421,1001.5111567425834,2667850
2015-07-09,972.4254760742188,1001.6271529077657,966.3152525819683,1000.3742756838841,3934122
2015-07-10,953.8633422851562,986.495926837441,946.4038688495184,986.495926837441,8263654
2015-07-13,967.4328002929688,970.9215986473469,954.2679017251072,954.2679017251072,2280308
2015-07-14,963.5585327148438,969.5337906692666,959.8962778395522,967.9917886165123,1703274
2015-07-15,981.3880615234375,983.0071450701563,963.7514107074904,964.1369112717734,2003660
2015-07-16,979.2483520507812,986.4379928512642,974.0056017164369,980.5976038018478,1456608
2015-07-17,988.5775756835938,990.7750041181387,980.4435705244564,981.7928224534282,1070526
2015-07-20,996.400634765625,998.2356979431611,985.8731670629182,990.5477867794602,853786
2015-07-21,989.5430908203125,1004.5906812501858,987.1092935064573,995.1835321070574,1274500
2015-07-22,976.6589965820312,992.4791494465467,973.9546937225039,989.3885176070868,1320628
2015-07-23,961.4185180664062,980.4452239077201,959.2550376443128,972.583389959548,1496780
2015-07-24,967.8123779296875,972.197251262877,962.77085826082,964.8569978259627,1574972
2015-07-27,964.682861328125,967.7541580558387,958.5401735540927,961.1865649672362,2003738
2015-07-28,966.6150512695312,973.1633127356406,962.7903353706419,965.6298928871511,1891188
2015-07-29,968.4308471679688,971.6373988058092,959.4486921079687,970.0727464800118,2413318
2015-07-30,958.34716796875,972.3130204142014,955.3145413661163,972.0232736122455,2770574
2015-07-31,969.9757690429688,973.1629840562534,960.8004530956341,961.9207697364898,1963776
2015-08-03,969.5315551757812,975.4809856379633,966.1704165228387,967.136239280896,1179324
2015-08-04,969.2610473632812,974.7083254350188,960.4141486450482,969.8405410169287,2342692
2015-08-05,984.0383911132812,985.1394670686427,970.0726281605341,973.5495909854823,988994
2015-08-06,994.1405639648438,997.8879368888953,985.1777488619302,990.9340139837462,2211366
2015-08-07,985.931396484375,994.0249738907627,983.9804152739109,994.0249738907627,1188506
2015-08-10,993.6774291992188,1000.2063553207012,987.6893262608368,993.6387585495726,1431182
2015-08-11,1006.0780639648438,1008.3187912535742,982.0870872468747,995.9562620121511,2200306
2015-08-12,1032.15576171875,1039.7664285148885,1005.2286338569513,1005.653633727859,3479784
2015-08-13,1018.2089233398438,1036.907212393258,987.4570919810609,1031.498605473174,1406426
2015-08-14,1044.32470703125,1050.5639780065603,1018.7884124898166,1019.1360709199989,2293964
2015-08-17,1037.1971435546875,1041.8524284878195,1025.7038518065724,1039.2640421511308,773644
2015-08-18,1058.8892822265625,1062.3662437645924,1039.2251708111519,1045.7540941940053,1916926
2015-08-19,1056.0692138671875,1063.5060486786779,1051.5490881632272,1062.4049730700467,1690070
2015-08-20,1038.0084228515625,1060.4734232151707,1032.2713977526178,1060.4734232151707,2349298
2015-08-21,1033.8748779296875,1054.6400729735271,1025.7427235116286,1047.724817839878,3536080
2015-08-24,996.207763671875,1021.840744071993,992.5183952304318,1019.5227688491453,4692344
2015-08-25,991.7645263671875,1012.954711277535,979.537250360103,999.7808536970917,3925800
2015-08-26,995.473388671875,1019.5223722538385,970.4392471396983,988.2490542346712,3216158
2015-08-27,994.6627197265625,1010.2124744456602,983.5171757302925,1010.2124744456602,5264798
2015-08-28,993.1942749023438,1007.9326933851792,988.1139902858602,1007.9326933851792,2744152
2015-08-31,990.567138671875,1000.5923598615891,977.8182784883104,1000.5923598615891,3692044
2015-09-01,980.2715454101562,1008.7826554836091,977.4127474336561,987.4573053124209,2987602
2015-09-02,1001.2879638671875,1012.3562568845203,984.3667273203226,988.8867597555135,3765950
2015-09-03,1006.6194458007812,1010.2509027140499,995.2806455514611,1002.9493182383402,2265074
2015-09-04,984.1542358398438,1010.2121197729333,980.9476848306201,1008.8599676633875,2426396
2015-09-07,981.1791381835938,988.9829656005328,978.4554997021164,986.2979977488787,1759184
2015-09-08,981.3916625976562,990.5863124580592,974.9013159715712,983.2073901912617,1787746
2015-09-09,985.042724609375,994.4112062533704,982.8213320546132,990.1422503931007,2045076
2015-09-10,983.3617553710938,996.1492824328469,976.2533398129937,982.0482745566402,2665818
2015-09-11,985.911865234375,992.2476247599973,981.5077512127385,983.7870551799905,1592672
2015-09-14,985.7766723632812,990.9342039005094,982.4349631653004,990.9342039005094,1589318
2015-09-15,980.2137451171875,988.5777344196956,979.7308336258499,985.7768477699371,1379900
2015-09-16,985.274658203125,990.9343429411978,981.681777979024,987.071051155852,1756816
2015-09-18,985.6221923828125,999.0471296430978,980.8896605428558,990.9342179174578,2455294
2015-09-21,985.5450439453125,987.8823542779439,978.6490305616715,985.1393794547494,1108840
2015-09-22,976.1766357421875,993.7931905684643,961.9597024012024,988.0369232494279,2081246
2015-09-23,978.4363403320312,988.1332383004519,970.6905174669541,979.0738399270955,1228352
2015-09-24,996.8840942382812,1000.5928932689886,977.3744644660482,979.5379462870736,2354254
2015-09-28,1002.0220336914062,1011.7961813786881,996.5361778794677,1002.1379513158904,2366812
2015-09-29,999.9163818359375,1017.590939729879,992.807963492386,998.0234068053524,3325952
2015-09-30,999.839111328125,1021.3382894178479,993.2328455598139,1021.3382894178479,3368336
2015-10-01,1021.6860961914062,1023.7529005292035,1001.4423923705809,1004.069449424415,2834408
2015-10-05,1047.58935546875,1070.131698100229,1024.8152719487196,1024.8152719487196,4807306
2015-10-06,1043.0887451171875,1053.1333034035013,1036.9074784794561,1052.746974238643,3979590
2015-10-07,1025.2982177734375,1049.6562892832112,1022.593913752465,1040.7513836075666,2065530
2015-10-08,1017.5137939453125,1034.724777453238,1012.1824324981959,1031.4988911336577,2357550
2015-10-09,1015.910400390625,1024.0040714489717,1007.5464121126212,1023.965400806941,2249724
2015-10-12,1001.5968627929688,1027.7706593285657,999.4333821046416,1025.7037609152778,2455912
2015-10-13,1003.8958740234375,1009.0919834819993,991.9390028072436,1005.5377733074338,6179712
2015-10-14,959.5256958007812,984.3666791340218,958.0962968023446,984.3666791340218,8337128
2015-10-15,953.3634033203125,967.174665266904,952.3009985551901,961.9592236926667,3215710
2015-10-16,955.0055541992188,962.7321363529342,954.2328959838472,958.4438455301702,2333828
2015-10-19,961.4765014648438,963.8717229061244,948.7663124125067,961.9594128166593,3130642
2015-10-20,976.1571044921875,977.412674132872,964.1229901250797,964.3740663257635,2695084
2015-10-21,977.4129028320312,982.0488533592977,974.4188514498383,979.3445488850589,1929688
2015-10-23,982.3101196289062,986.5109596016846,978.4965448865062,986.5109596016846,2335398
2015-10-26,982.0780639648438,986.8983212859955,973.7732696128664,986.8983212859955,1414630
2015-10-27,979.9679565429688,985.310837455827,975.805870838578,979.5614083367873,1530420
2015-10-28,979.193603515625,980.9164944868028,971.8179816584882,971.8179816584882,1255342
2015-10-29,966.1265258789062,981.63263810789,964.0745020902947,980.91642896669,3130316
2015-10-30,966.0687255859375,972.5344601409512,962.1196016590056,967.9271646468869,1516696
2015-11-02,974.64453125,976.7545933785028,963.1068215574321,967.927079508559,1319294
2015-11-03,984.7498168945312,986.434048136625,975.0899217443589,978.7680453324357,1364906
2015-11-04,981.0132446289062,986.2012947601834,975.6702694864211,985.3495380329134,991434
2015-11-05,961.2095336914062,981.4585851177314,960.1835688971921,979.8518641326522,1596098
2015-11-06,970.1534423828125,974.9930784318138,961.5195127665658,964.829842728911,908024
2015-11-09,956.8346557617188,968.9917818518372,955.7699359934269,965.9912079593782,2021556
2015-11-10,951.723876953125,959.0220844404902,948.5684727005253,957.454023774671,1361920
2015-11-13,928.203125,943.9416728165814,924.0023790463734,943.9416728165814,2743232
2015-11-16,919.375732421875,925.3381243675692,912.1743184142231,925.3381243675692,2043528
2015-11-17,925.5509643554688,928.6095751702292,919.5304408798355,921.6598797955572,1985028
2015-11-18,910.4126586914062,924.9121846529341,908.3025969681481,924.9121846529341,1520352
2015-11-19,914.71044921875,922.0860723213617,910.6257781203998,915.7945464308615,1866906
2015-11-20,928.571044921875,938.3277293252552,914.477972317781,916.2396182088069,2012126
2015-11-23,925.7449951171875,934.3982079781365,922.3378723079363,931.2621804169621,1088082
2015-11-24,916.8009033203125,926.286586123799,915.8523539447846,921.4857069226962,998640
2015-11-26,908.128662109375,922.3958520969817,905.1474652854079,920.653583164569,2915292
2015-11-27,911.1484375,913.5101226590742,903.0758885324093,909.0770359160116,1737206
2015-11-30,918.968994140625,925.8218963293893,909.9091434380429,915.6586658939909,4100048
2015-12-01,914.4588012695312,920.7116672693875,912.5810793441311,914.8459721231148,1721994
2015-12-02,915.7363891601562,920.7309493686433,908.4963138527305,920.6921944776446,1640296
2015-12-03,910.1419067382812,918.7564584451521,908.6900160011681,913.7232372231601,2283358
2015-12-04,901.4884643554688,908.806049282844,898.6621930988839,905.9796835021368,1246092
2015-12-07,898.1585083007812,907.4892644126261,896.3968629080117,902.9593866341376,1382604
2015-12-08,901.7205810546875,909.4639952329159,897.1907026652437,898.0037044394984,1139964
2015-12-09,916.684814453125,918.6788005867008,898.2361655014996,905.1664843136123,5282806
2015-12-10,923.2283325195312,925.8029810387583,910.6259015838552,917.207806484759,1723988
2015-12-11,923.7894897460938,926.0931370038811,914.9813544184644,922.6279773951976,1652378
2015-12-14,920.8665771484375,924.1769071366418,902.3405069226261,904.1214362880856,2718532
2015-12-15,919.85986328125,923.4024386008216,914.9040577038495,920.8664507346392,1135868
2015-12-16,932.4620361328125,934.8238156178642,923.0151072408318,923.0151072408318,1435934
2015-12-17,944.599609375,946.6322553220105,926.6349287196279,935.0171356248079,1618844
2015-12-18,935.7144775390625,942.4512121475823,929.4616119422027,936.9534052858545,3024970
2015-12-21,947.1748046875,948.5686576676068,931.8622719758928,936.9341537983248,1610104
2015-12-22,931.1649780273438,944.6965760624338,929.2097469466562,944.6965760624338,1560858
2015-12-23,939.1989135742188,942.7608659081448,933.2945590752048,935.0174501717328,849834
2015-12-24,942.4701538085938,943.999458969729,930.7582416579478,937.340142701286,843160
2015-12-28,953.4855346679688,954.9180477598221,937.0307752466654,940.0507264688116,3704198
2015-12-29,950.8138427734375,954.4919644961966,946.9227582566463,951.8011469827874,1708524
2015-12-30,936.29541015625,952.0532469450621,933.972384746868,949.7495989855875,1605762
2015-12-31,943.4774169921875,947.9879200313626,932.1139136105801,935.3080734391522,1240318
2016-01-01,935.5597534179688,944.3098538338788,933.953031943737,944.3098538338788,712262
2016-01-04,917.4400634765625,934.630411022924,916.0655880849379,933.1397654740676,1870184
2016-01-05,909.444580078125,924.0216133785918,906.3665919747427,923.4021024603851,2678020
2016-01-06,922.0861206054688,923.8476723277491,909.9288993798255,909.9288993798255,2653228
2016-01-07,918.0787963867188,922.589298578294,913.7231247117159,917.5948328672739,3199580
2016-01-08,928.2804565429688,932.0553706581882,918.5624347033828,923.4020681844333,1907544
2016-01-11,914.6329345703125,923.0151441900766,909.406129013867,922.4343880171382,2930228
2016-01-12,900.9658813476562,915.658995155796,891.1124028204667,914.7684833592758,3482594
2016-01-13,882.4396362304688,900.946418699467,873.1088770056797,897.0747108408531,4746092
2016-01-14,882.2847900390625,890.0668659820435,871.1342526996834,880.0391806161691,2742052
2016-01-15,875.4319458007812,887.2793157302107,873.0701660784589,886.1759356494186,3269408
2016-01-18,881.83935546875,887.3565382467085,875.0058300481476,875.780171490668,2213922
2016-01-19,882.4786376953125,890.4930562971581,878.2197578608478,881.5881257341865,967910
2016-01-20,882.7881469726562,884.6852460144187,868.4240730023374,880.3489521160205,1615954
2016-01-21,874.987060546875,888.7260077615143,871.5911249603657,886.824321734136,2675536
2016-01-22,890.99658203125,893.4416749083008,877.1217577657084,882.1671484077235,1343178
2016-01-25,894.4508666992188,907.7823816458447,889.3472969394841,893.3835723214821,1397560
2016-01-27,900.31103515625,904.2697068226339,885.6211502110345,893.4221372689676,1626986
2016-01-28,904.7546997070312,911.6241722288064,895.7700637332969,898.6614409109403,3106660
2016-01-29,928.0801391601562,931.456650567931,906.2491239124704,915.4278150888738,2235744
2016-02-01,932.5048217773438,936.4829191750466,915.5445620664578,928.0028366959542,1495274
2016-02-02,930.7191162109375,944.264007976285,923.5778930022706,934.9494431627088,1475588
2016-02-03,937.782958984375,943.0611573098778,916.048967078612,926.6054584823028,1308692
2016-02-04,939.2388305664062,946.9815501095836,932.2334767882048,939.9567720212023,1250046
2016-02-05,939.9754638671875,946.9613878915145,934.6002402889533,934.6002402889533,1402996
2016-02-08,917.0776977539062,936.1337951950537,910.8874081573213,931.4570854612574,1063658
2016-02-09,885.42724609375,905.686506705456,875.414161587723,905.686506705456,2489610
2016-02-10,880.5372314453125,888.7262327670229,876.3845052558233,882.9434760338555,1890732
2016-02-11,853.039794921875,888.3769575986502,842.8325614738079,884.8839944626135,1962408
2016-02-12,864.1588745117188,870.6789947282086,839.8633443031773,853.8351929145057,2172568
2016-02-15,880.6729736328125,895.3046835423712,869.3596923235165,873.2407623785322,2479712
2016-02-16,879.2758178710938,885.6601589621553,870.5239862191562,879.4504470675915,1588702
2016-02-17,883.15673828125,884.7479198332247,871.8433644871561,879.0621912434676,1585178
2016-02-18,898.7977294921875,900.3113090521733,884.1078400779613,886.8245893670507,1529140
2016-02-19,900.2725830078125,903.1252080507838,894.7614812216456,895.498941552126,879012
2016-02-22,898.8168334960938,909.3345695770766,894.5865057085623,900.5051366031635,1324884
2016-02-23,878.6744384765625,900.3695865785012,875.8606621166,896.6243911177025,1306852
2016-02-24,858.085205078125,878.0727167981893,854.3011615971419,878.0727167981893,1659328
2016-02-25,858.822509765625,864.7022922087938,848.2659248305956,861.519834141325,1830556
2016-02-26,857.9103393554688,875.9184623890753,853.6800118645536,865.3619732054899,1537536
2016-02-29,844.8312377929688,868.1952575112663,820.8462090461906,868.1952575112663,2191718
2016-03-01,883.5834350585938,886.8630137911201,839.0870219571615,851.1183344829117,1999760
2016-03-02,899.9617309570312,904.2890850293903,875.6662009002412,894.5864124432381,1527486
2016-03-03,921.0360107421875,927.9637580035105,893.0341309770296,906.617874820661,2648284
2016-03-04,914.981689453125,923.6946727730732,911.8768334101903,923.6946727730732,1512966
2016-03-08,913.7203369140625,918.649276905944,894.2761381456504,908.9854504238509,1268152
2016-03-09,914.8650512695312,919.5805125191376,890.7635732650226,908.5583137223343,2017784
2016-03-10,911.3915405273438,915.8741946072105,898.4481362571631,914.399369293779,1661666
2016-03-11,917.9701538085938,927.9057316895885,906.2299161370114,908.1704512893391,1530528
2016-03-14,913.9923706054688,930.680978646248,908.170763149383,916.7091207516422,1636742
2016-03-15,904.2503662109375,917.2907979392808,900.4469938134567,911.6826713301703,1623356
2016-03-16,903.1444091796875,905.0655198703848,895.323996313759,898.4677009004893,1918246
2016-03-17,912.8472290039062,916.6312728371666,905.0656635039434,905.8418776235865,2221088
2016-03-18,941.4891967773438,943.0998025720285,915.9323185473198,915.9323185473198,3204070
2016-03-21,949.4064331054688,952.7829439323596,939.2186277425589,941.5472689683668,2336982
2016-03-22,959.8272705078125,964.4457049968717,945.6225192051822,947.7571072846522,1951984
2016-03-23,960.0989379882812,965.5711888246229,953.6951736726038,965.5711888246229,2278434
2016-03-28,959.944091796875,976.9237779270139,955.3450793766822,966.7748148611703,3320882
2016-03-29,958.3915405273438,965.2028384126126,952.8028367383903,961.7292991599719,1838796
2016-03-30,966.192626953125,972.2082870124837,954.7434674853133,958.9737969808106,2136504
2016-03-31,978.1461181640625,989.672877433039,959.4587087444493,961.8456237122242,4363964
2016-04-01,952.375732421875,978.3595719564992,944.6912895996321,972.2080380858993,3041400
2016-04-04,959.1090698242188,965.6098596753287,949.6974785472386,953.1904402582827,1752352
2016-04-05,955.8103637695312,964.40689456504,947.7765690848895,958.9346435781894,1491794
2016-04-06,963.2423706054688,965.9979671915672,954.490636781165,958.6239369076621,1763150
2016-04-07,958.9347534179688,964.3294025854963,953.5788580971675,962.5053187142757,2390942
2016-04-08,943.895751953125,960.060372377146,941.9357924373577,957.0719670995155,1399500
2016-04-11,972.848388671875,976.8653340849797,936.502205461683,944.2643455815478,2400648
2016-04-12,977.3115844726562,979.9701552702053,965.6490451596072,969.4912664811774,1303628
2016-04-13,980.4357299804688,987.7321593814434,975.1186838687138,981.910555298645,1601468
2016-04-18,977.9325561523438,991.0311666375671,946.9810247094825,952.026415414902,7121504
2016-04-20,950.9981689453125,983.812544947911,946.9812229877068,983.812544947911,6405024
2016-04-21,940.9265747070312,957.6151757391004,936.1916882484697,951.2502588279438,2525724
2016-04-22,938.07373046875,945.1954346921702,933.0865192808267,938.8305199158364,1964126
2016-04-25,951.3474731445312,953.598513143206,932.3496506629763,932.3496506629763,2267654
2016-04-26,966.308837890625,967.7448148554537,947.7573041415752,950.4740531706461,2554368
2016-04-27,974.575439453125,975.933813833051,960.9139984585845,962.5052749189973,1848670
2016-04-28,981.0374755859375,985.7917863666428,969.5301408626927,970.7720643201765,4992744
2016-04-29,984.0452880859375,986.5679835592401,974.1485596906738,976.8653086619227,2372178
2016-05-02,980.6300048828125,981.9107770207694,970.2675662260567,981.5226699942789,1116692
2016-05-03,961.7679443359375,981.9106586821392,959.4004538585962,979.9701237835579,2153118
2016-05-04,961.7291870117188,967.9583235778895,953.5789396641618,960.1379103427865,1364892
2016-05-05,958.7406616210938,966.3669256382011,956.1209395881316,961.7290663229742,1246566
2016-05-06,959.944091796875,964.1745161643544,943.4883881684083,956.6840299609734,885598
2016-05-09,975.1382446289062,977.2534087911224,953.3459801110444,959.9437989948606,1821276
2016-05-10,979.1553955078125,983.4439980483381,968.7153520902963,976.0893872223938,1158534
2016-05-11,977.3698120117188,980.2030118737213,966.3863656920722,970.2674354338075,1598716
2016-05-12,995.9601440429688,997.3961209630095,978.2430977570523,978.2430977570523,1513082
2016-05-13,979.3489379882812,995.8823302417625,974.2065214350063,995.4942233320813,1621730
2016-05-16,990.1192626953125,995.4169807793717,979.0000336140163,985.0156928889488,1111526
2016-05-17,997.5126953125,1005.6823674554898,990.4491661346493,995.1840530723715,1756698
2016-05-18,990.0994262695312,995.8240023263048,980.3773306937691,995.8240023263048,1500740
2016-05-19,992.3700561523438,993.5538013114723,980.3970134842377,991.6132665432858,1038792
2016-05-20,981.63916015625,995.8050671874477,979.1164643835709,986.684551701608,1230918
2016-05-23,966.9490356445312,988.0814399907521,962.5828324840446,987.3440746913834,1533016
2016-05-24,957.731689453125,965.7073077908236,954.5880793930128,964.0578529297321,1339158
2016-05-25,980.532958984375,983.0556546073151,962.8935139252783,962.8935139252783,1548678
2016-05-26,989.1683959960938,995.455711106894,972.2469858678103,981.910813283235,1943248
2016-05-27,998.4632568359375,1001.2577025376337,989.9055748206658,990.8951716912923,1104676
2016-05-30,1023.2050170898438,1025.3590293855439,1002.0920391391774,1002.4801460482165,1349464
2016-05-31,997.2017822265625,1027.3189140958293,994.3298292079768,1024.6021659285943,3722608
2016-06-01,1022.0991821289062,1026.5429882124083,997.8230709618532,997.900673409291,1911942
2016-06-02,1028.54150390625,1030.1522044566964,1009.0779800007628,1009.0779800007628,1408756
2016-06-03,1020.5467529296875,1031.5883778276066,1017.0343657250727,1029.0268337964874,1554922
2016-06-06,1024.4483642578125,1034.8398979048295,1020.8015050005913,1027.5854310191762,1322026
2016-06-07,1031.7615966796875,1034.8398816853003,1024.6444148706667,1025.036548209691,1202194
2016-06-08,1024.68359375,1030.7420342606633,1021.7033422907306,1026.3109086971463,938266
2016-06-09,1010.6258544921875,1028.330640072318,1001.9792934528944,1028.330640072318,1562138
2016-06-10,1002.1949462890625,1020.8212829607754,1001.1949869627053,1006.2143136761163,1396832
2016-06-13,998.7638549804688,1001.2539405771153,987.3919854106088,996.0189209463646,1029978
2016-06-14,993.9992065429688,1003.4495623231713,987.4897549923209,1003.4495623231713,977570
2016-06-15,1002.6262817382812,1005.782878892704,988.9603950039234,992.0974620776868,1270844
2016-06-16,1003.1947631835938,1005.7043783161414,986.783944278007,998.195062997351,1145070
2016-06-17,1020.566162109375,1023.467910227246,1003.4691119814263,1003.4691119814263,1878988
2016-06-20,1042.800048828125,1046.2115892110282,1016.3310524743978,1020.5661110381269,1872838
2016-06-21,1039.624267578125,1045.0357287729476,1035.7813403101663,1044.4475285503736,1027690
2016-06-22,1046.07470703125,1050.0156671528514,1031.9971551779522,1039.1535902808296,1761712
2016-06-23,1037.330322265625,1042.878972620553,1029.4680269759588,1041.1143719900613,1397014
2016-06-24,1009.3314208984375,1016.879986418699,985.8818319792716,1005.8806289420426,3766586
2016-06-27,978.7066040039062,998.7641977131569,973.5303643176297,998.7641977131569,4272566
2016-06-28,966.197021484375,981.4705974721213,964.0206620805336,978.706133734589,4499524
2016-06-29,981.4708251953125,985.2353448070685,966.7266641433076,970.5303396606943,2531264
2016-06-30,1001.155517578125,1004.9983471417153,980.470487014409,988.9601342500855,5121812
2016-07-01,980.6666870117188,1005.6651870639959,978.1178203397219,1004.6456021009262,2197296
2016-07-04,978.0592041015625,990.4702848834627,973.2751952943954,986.6077322162364,1883484
2016-07-05,974.5689697265625,979.1765362856532,971.3730256931074,978.0589180174762,1559748
2016-07-07,952.8057250976562,977.1376209647835,950.9234656885368,975.5102099635312,3316800
2016-07-08,951.55078125,957.6092220792374,942.4924629910556,954.8446629428835,2456356
2016-07-11,966.2755126953125,969.2753907503582,951.7077946763541,952.8841949169923,1543632
2016-07-12,966.58935546875,970.5303158986314,955.1783291959728,969.2362563302917,1465536
2016-07-13,977.6276245117188,980.0392061505593,961.2168066726252,971.7063730483488,2102300
2016-07-14,988.9212646484375,991.7054503121194,968.9617112381364,974.8437127227871,2699988
2016-07-15,958.9031372070312,991.2345064114058,951.5310125291732,986.9994479168352,8336366
2016-07-18,954.2367553710938,968.1771132694337,953.119232912609,959.5501807089122,2598850
2016-07-19,967.0791625976562,969.6672807717063,951.903622449712,951.903622449712,2362896
2016-07-20,978.3534545898438,981.3140816556687,960.0015876818669,960.7270729496057,2815252
2016-07-21,982.705810546875,987.9799850089349,966.3930247327087,976.2159843936271,2527148
2016-07-22,986.2547607421875,989.7447097366007,977.1964408334426,979.9021230214083,1517216
2016-07-25,1006.0499267578125,1007.7208121875032,985.1540685423647,987.5915763253952,1688796
2016-07-26,1003.5528564453125,1009.6073167582457,995.8470924254815,1006.049296698318,2311290
2016-07-27,1013.3621826171875,1014.4826007367293,1000.5651513666163,1004.4966450851492,1750510
2016-07-28,1029.7567138671875,1033.8061724656113,1013.1658260007732,1014.5221724288547,4632080
2016-07-29,1029.776123046875,1035.9091953845045,1021.7951719568151,1027.6924122720718,2488084
2016-08-01,1064.746826171875,1071.3320783968834,1034.7691854460907,1034.7691854460907,3961704
2016-08-02,1061.1890869140625,1067.6760535155845,1057.493520092155,1062.6437208340149,2578162
2016-08-03,1044.3233642578125,1061.1108339870434,1041.4730294870062,1055.9998888807702,2294702
2016-08-04,1042.6322021484375,1054.800156804063,1036.4400991379405,1049.708891303291,1415416
2016-08-05,1041.4921875,1055.3310281607678,1034.7692938916277,1051.2422165217079,1868484
2016-08-08,1041.64892578125,1048.922186821806,1033.6090429088354,1037.9140079496133,2058244
2016-08-09,1041.9246826171875,1045.6989558372738,1013.8735261577748,1044.9912676105384,2261914
2016-08-10,1051.8319091796875,1054.4267337188019,1041.0596535747156,1042.2391018227233,2062078
2016-08-11,1065.3956298828125,1067.4007304218565,1047.9595097956374,1047.9595097956374,2233138
2016-08-12,1076.61962890625,1079.1161652330375,1062.3090334773353,1063.4688046590568,2327358
2016-08-16,1058.240478515625,1077.2296183571405,1051.2228176067317,1076.443319365639,3183754
2016-08-17,1031.840576171875,1061.1105382926037,1029.2654276584053,1061.1105382926037,1848566
2016-08-18,1037.344482421875,1044.8143218417372,1034.0223888240023,1035.94878270194,1292064
2016-08-19,1023.5645751953125,1040.4503245811006,1022.1885521443489,1037.9145298696465,2416244
2016-08-22,1002.0199584960938,1020.0065453754627,997.1449438337648,1017.4707506843017,2265274
2016-08-23,1022.6015014648438,1024.1347460842935,998.678316574342,1000.5457766542227,1503374
2016-08-24,1011.2003173828125,1022.9751271865324,1010.0208687350186,1018.1787218822594,1116878
2016-08-25,1002.9437866210938,1018.1389723944905,993.0953750470973,1014.325442447154,1939690
2016-08-26,992.6826171875,1011.3965681305103,989.6357091568547,1006.3839129833196,1250314
2016-08-29,983.0896606445312,996.6139603629756,969.8011929540796,996.6139603629756,1488728
2016-08-30,1000.2313842773438,1002.4527368140909,983.3653070595187,986.8053656049543,1444026
2016-08-31,987.3163452148438,1002.5312114626417,983.2079521920731,1002.5312114626417,3231668
2016-09-01,985.8223266601562,996.614260750272,977.7824389455623,992.663089257235,1345736
2016-09-02,988.6922607421875,990.5006906305061,981.3207085197535,987.59142308022,1742330
2016-09-06,976.602783203125,990.7954189083583,975.010508941372,990.6971315586667,2239066
2016-09-07,959.50048828125,982.7552296490281,952.6006992652323,982.7552296490281,3854040
2016-09-08,912.9325561523438,927.8328848502869,898.248382907497,927.8328848502869,7021516
2016-09-09,924.8640747070312,930.4467757098386,912.1260754621065,915.919927908455,2742438
2016-09-12,927.458984375,929.3853777779414,913.679080593571,918.7900220943096,2024454
2016-09-14,915.4286499023438,934.751999419068,908.1750630758228,928.6188307294776,2069858
2016-09-15,914.839111328125,920.795383202076,910.8290060566434,919.9500542778331,2818964
2016-09-16,928.5009155273438,934.1229711243774,912.1066048015806,918.6721805618095,4358004
2016-09-19,948.06005859375,954.1735506842508,923.9010482521588,929.7982889856833,2802546
2016-09-20,946.1142578125,950.2029741587621,937.8187650911976,947.8834305364378,1184552
2016-09-21,948.8267822265625,952.9942045177044,943.8338037346257,946.5858497047676,1678020
2016-09-22,934.9092407226562,954.5667100397852,932.1965483503872,953.4855492273431,2857574
2016-09-23,942.8113403320312,945.0719487245698,932.2158902965548,936.4815984394385,1800726
2016-09-26,943.9913940429688,951.0680857266514,941.5931434677667,943.9913940429688,1753476
2016-09-27,957.7513427734375,962.4297824892622,943.9911130401351,943.9911130401351,2038792
2016-09-28,952.620849609375,958.3018402966383,949.5345878532754,955.7463687225139,1731328
2016-09-29,958.4197387695312,965.7716142138553,951.2644380482307,957.3189011238501,3603958
2016-09-30,955.6679077148438,963.1377488707775,952.6406754957726,958.1250923056115,2175364
2016-10-03,948.1583251953125,966.2235197170278,943.990999425037,963.2159654022246,1818880
2016-10-04,945.5830688476562,953.4067980733798,942.7720895429667,951.4213747681316,1780718
2016-10-05,938.1923217773438,949.6132376495419,934.1625395137678,946.7039698234895,1176354
2016-10-06,939.1357421875,944.5021937493564,932.8453510310374,941.5929262329931,2267572
2016-10-07,930.8993530273438,938.840953284675,927.1250796457609,938.840953284675,1816512
2016-10-10,935.8135986328125,938.4083272561837,925.8865756185871,931.7247870089825,1202142
2016-10-13,915.6058959960938,931.7250266199821,912.4606997767984,929.1302973293263,5173334
2016-10-14,930.2698974609375,938.4474224756511,900.7050879311759,910.1406715672947,7741214
2016-10-17,928.7960205078125,934.0446047456986,921.6996528098563,931.3318155954229,2728346
2016-10-18,943.6370239257812,949.7308386780516,925.7880823352023,934.1228291222075,2128632
2016-10-19,941.63232421875,947.4902128674571,931.8821982671801,943.9518676741761,1985058
2016-10-20,944.0105590820312,947.2344606610118,938.0543845976302,942.339674281302,1265854
2016-10-21,954.8222045898438,956.0999400765116,942.8705018157373,943.5585132316353,1259660
2016-10-24,957.010009765625,959.8482622185206,947.0958075282446,957.2071119670943,1253190
2016-10-25,945.4795532226562,951.8460122246742,938.6007054778116,948.0616113709101,1772466
2016-10-26,944.6124877929688,947.1748169200024,935.2501313672691,945.538906820043,1437130
2016-10-27,953.225830078125,957.7197223636276,932.4906372715213,938.0883212780681,2941602
2016-10-28,945.5783081054688,952.0433196038019,941.3603392340517,950.0328381717188,1752102
2016-11-01,926.3804321289062,945.972373509071,920.132253270999,945.972373509071,2934776
2016-11-02,908.2667236328125,924.0151711453242,904.6991543423717,922.8325578716741,2325076
2016-11-03,914.3374633789062,920.4673616307493,900.5600375355233,904.304979692051,1463310
2016-11-04,918.7133178710938,920.920805329052,904.3051241298258,914.5544411426312,1183752
2016-11-07,897.6229858398438,924.3696917951366,890.9215122525018,921.6102614944665,2048052
2016-11-08,900.0475463867188,909.4296311842606,890.9020227466099,898.9634841908988,1933634
2016-11-09,855.364501953125,896.8150583513901,844.7209825792844,859.365638332321,4500226
2016-11-10,849.6879272460938,874.1483316018636,843.9128707897603,869.1419545428694,2172426
2016-11-11,828.2827758789062,846.3768208115969,822.389437644408,846.3768208115969,2398424
2016-11-15,836.2259521484375,850.5158640268287,808.8681044902537,834.4913947549552,6290324
2016-11-16,863.150146484375,870.7582157665087,842.809157324631,845.6080475597042,4019958
2016-11-17,842.493896484375,870.6401574779673,839.7147353186846,861.336892137294,2504688
2016-11-18,837.723876953125,847.5395288135554,829.4849465794034,844.385893357505,2140534
2016-11-21,840.798583984375,843.5974739130426,829.8003189658666,838.1574335713216,1793366
2016-11-22,841.6266479492188,858.3606105301992,836.5217186771386,840.4440343923815,1318860
2016-11-23,850.0429077148438,852.6445996567096,838.5517888539389,847.1454661581606,1275808
2016-11-24,862.696533203125,870.2456046239979,842.414737640161,849.4709573578468,3026234
2016-11-25,906.80810546875,909.5280772585354,864.1748430190099,871.9801091758069,4276148
2016-11-28,899.8113403320312,914.3377201902376,887.7091837076798,904.3052336855436,1924296
2016-11-29,890.843017578125,903.5166528995351,887.9653056744642,896.8151768527235,1442296
2016-11-30,897.2293701171875,904.6009766509727,883.9249652966317,892.8733901795199,3445832
2016-12-01,892.261962890625,902.7281093454912,888.5564798902732,897.6034519561938,1123052
2016-12-02,875.8634643554688,895.1597588528587,869.2999005051379,890.1139210970412,1998032
2016-12-05,861.7308959960938,882.1704344731319,855.4236250281443,878.6816867224579,2249526
2016-12-06,860.2920532226562,868.8068109373887,855.3841312077986,863.307678534711,1593444
2016-12-07,849.3331909179688,861.1198651145442,845.8247136759,860.2329051292772,2065706
2016-12-08,865.5745239257812,866.8556885404955,851.4817131639246,851.6788154123423,3239546
2016-12-09,865.3775024414062,875.0946056987386,856.7247321765944,869.2209966442549,1588718
2016-12-12,870.4823608398438,874.1879408982151,852.6643366228524,865.2000590170306,1311758
2016-12-13,867.3681640625,874.3455643312141,860.5484070942473,874.3455643312141,2147534
2016-12-14,870.2457885742188,876.9866269728977,862.9135472549664,872.7686585758316,1870366
2016-12-15,890.6259765625,895.6718118837135,868.0380463001615,868.0380463001615,4295410
2016-12-16,899.8306274414062,902.7280682530647,887.7483011816165,897.603411097043,1987230
2016-12-19,902.2947387695312,905.7637579915609,891.4147511420871,898.7863568380603,1334210
2016-12-20,922.1624145507812,924.409360485789,901.5652337041363,903.5165263255558,2922760
2016-12-21,912.0313720703125,923.9363261423857,908.8777367536674,923.9363261423857,2034902
2016-12-22,909.7055053710938,916.525260969798,901.2301104847063,909.0353771167115,1868300
2016-12-23,901.979248046875,913.6673715901032,898.3131273831051,906.6702425443802,1118954
2016-12-26,903.9503784179688,907.3011166715696,893.267397959955,893.267397959955,897408
2016-12-27,915.8946533203125,918.4964413933228,899.3775240510154,899.3775240510154,1294692
2016-12-28,911.9525146484375,926.3409767344542,907.9119191311314,917.1954529581812,1350418
2016-12-29,927.0504760742188,930.2829329333023,907.8527408800752,907.8527408800752,1963516
2016-12-30,932.51025390625,937.654640664092,924.6655284648631,928.3119192283584,1405748
2017-01-02,930.8546142578125,936.274924849939,927.3264078247985,932.9241873929881,823132
2017-01-03,933.57470703125,934.9346931621716,923.7393250590227,930.815275827104,1475324
2017-01-04,938.009521484375,941.6953717169328,929.6524061012177,934.1462984913961,1420066
2017-01-05,920.2307739257812,942.128849047099,914.7119119595748,939.7833519597243,2216404
2017-01-06,899.3380737304688,918.2402557823929,889.7589817364558,914.9486098355694,3009896
2017-01-09,908.1285400390625,911.1245315896174,889.7192161789666,896.8148944648423,1854578
2017-01-10,912.721435546875,918.4176713733821,903.319619643189,908.2471759362459,1533914
2017-01-11,916.288818359375,918.3387585668771,898.8650002848765,912.5833348913351,1931296
2017-01-12,924.1533813476562,930.3226434315046,908.2471908755028,916.2889243815122,2570374
2017-01-13,886.6841430664062,929.5144206917095,882.1705210850812,925.5921054216844,10235580
2017-01-16,890.3303833007812,896.3813632076769,878.2874194102467,886.959916370312,3364808
2017-01-17,898.293212890625,901.8607817062623,888.0636286832577,888.8914001198568,3009956
2017-01-18,904.739013671875,905.8821685124453,893.050789566576,897.9980765323544,3136574
2017-01-19,903.12255859375,904.7584688611449,899.9491929479792,904.6993766794659,2251676
2017-01-20,900.8951416015625,906.6701980622584,892.8730428743545,901.5455404210369,2037246
2017-01-23,911.9052734375,914.5935296118018,893.3643842120757,895.4200754574157,2318546
2017-01-24,916.5105590820312,918.3487993896774,905.3029490324413,910.8375522142991,2282638
2017-01-25,930.2088012695312,932.9761032707581,916.39207700943,918.1908426133942,4111648
2017-01-27,932.1062622070312,940.388381248441,927.0658200164195,927.0658200164195,2871658
2017-01-30,922.262939453125,929.79397583034,916.4318369942209,925.4651427996146,2577956
2017-01-31,881.5042724609375,921.9266466134992,869.7432393945443,917.1629147573906,4666804
2017-02-01,857.033447265625,885.5169126027776,852.151193467708,877.630120686265,4864152
2017-02-02,872.7476196289062,877.2346402844602,851.1429385004249,857.8833140977987,6009482
2017-02-03,882.5914916992188,886.7226591047648,866.1655577791082,873.5581883757441,2153372
2017-02-06,885.8333129882812,892.8504015994793,875.6338071403833,892.6527371315582,2408910
2017-02-07,887.3553466796875,890.5179780904452,880.0021900433353,887.1181107175403,1814638
2017-02-08,897.771728515625,902.3773659676262,887.1374246589558,887.4733961581576,2212584
2017-02-09,916.0955200195312,920.3255192110212,897.4754934600905,899.3730911533819,4033202
2017-02-10,947.9786376953125,958.4548504647445,913.604819251226,913.604819251226,5782160
2017-02-13,954.4228515625,960.2539531719219,941.8118975355818,947.2080987237238,3819812
2017-02-14,951.2600708007812,956.5574389263871,947.9986077008929,956.5574389263871,2033328
2017-02-15,954.205322265625,959.8585446944651,938.9456850247159,947.6033491073447,1924972
2017-02-16,967.6660766601562,979.6247729399928,962.8628703144182,972.5088544924868,4175680
2017-02-17,951.912353515625,978.6761953973668,949.5799517741386,977.2529728499878,2723324
2017-02-20,989.191650390625,1010.0650292013543,951.9912702383343,958.6722879895436,3973948
2017-02-21,974.6239013671875,998.5609831340549,970.5914703710271,993.8566089929624,5501112
2017-02-22,953.3356323242188,976.4623727310058,948.8486107500688,974.841485651714,4505496
2017-02-23,981.1273803710938,985.653877420662,954.719387935786,954.719387935786,4853352
2017-02-27,984.3095092773438,989.1127158739987,976.4819792730175,980.0597244269659,2139892
2017-02-28,974.9796752929688,984.3687345076501,968.5555821460814,984.1710701031305,2354828
2017-03-01,980.23779296875,989.073335971274,976.4623826718499,980.3761001741967,1130374
2017-03-02,988.8953857421875,992.2754668947375,976.4820977905566,983.0642848909137,1544942
2017-03-03,985.9699096679688,988.2034790007564,978.5969689151824,985.1594662452992,1013970
2017-03-06,977.4502563476562,981.9965366097384,970.3541251547839,980.4152217359707,1400694
2017-03-07,988.2432250976562,990.2989161193655,978.4588346090518,981.562108632293,1511672
2017-03-08,993.145263671875,996.2288484583678,985.2386855095069,989.1129281122367,1791510
2017-03-09,996.130126953125,997.8102749993799,989.9234817089549,993.9162462152462,858468
2017-03-10,1005.0248413085938,1007.9107614246451,993.8370147445219,996.0706808174216,1171420
2017-03-14,1015.0067749023438,1022.7749478351872,1008.5036349271671,1010.7767757083506,3402294
2017-03-15,987.650146484375,1016.8451259572247,985.8909522959858,1016.785865232384,3022496
2017-03-16,996.584716796875,998.9962620111594,990.6943540166068,990.6943540166068,1571818
2017-03-17,998.501953125,1006.5073632213205,992.1766908266728,1006.5073632213205,2593152
2017-03-20,980.4157104492188,998.5810548134449,974.8811056321667,998.5810548134449,3487540
2017-03-21,983.0640869140625,985.1593488130163,974.4854714382365,981.2060608964312,3373700
2017-03-22,980.0003662109375,986.7407419444523,976.4424068048878,980.4747414952456,1888716
2017-03-23,972.6478271484375,982.4124349824536,967.4491924431996,981.2066621259003,2620638
2017-03-24,959.542236328125,976.3832851890312,958.0004923055213,976.3832851890312,5099814
2017-03-27,953.5529174804688,964.6023389036795,951.1611587714151,959.4432784026891,2181270
2017-03-28,960.6295166015625,965.9466714204599,952.7427237311082,952.7427237311082,1153158
2017-03-29,966.4209594726562,968.8719790753928,958.9097112126301,963.0210927065214,1717764
2017-03-30,964.9974365234375,974.4853261082644,962.6254641272308,966.5391799746503,2986086
2017-03-31,961.3604736328125,964.9382181237705,954.7189313291005,963.9695854735438,1867044
2017-04-03,953.4144287109375,962.6256088710604,952.030777938433,962.6256088710604,1196888
2017-04-05,949.283447265625,956.65629207064,946.812641832867,956.65629207064,2905568
2017-04-06,948.8090209960938,952.7425237307368,945.8440546359359,948.7892352505263,1720704
2017-04-07,960.27392578125,961.9342882763957,945.6862277864932,946.7733825353929,2277012
2017-04-10,957.5853271484375,968.160374109412,950.7659043418276,961.4397835173908,2543264
2017-04-11,956.4190063476562,965.8278512994211,951.1611138879209,955.6283487301268,1557784
2017-04-12,946.1209106445312,959.8585902203789,942.068789330792,957.6842812227628,1050538
2017-04-13,920.5825805664062,952.347295466102,917.5781389136275,948.7893354581339,2500472
2017-04-17,915.1268920898438,922.262499567505,907.3388376805564,921.2741775882369,2270882
2017-04-18,912.7354125976562,922.7767283700766,910.0669424379465,921.1163662405379,1730620
2017-04-19,908.9202270507812,928.5087895822309,890.5967939687336,894.8267930821706,5626812
2017-04-20,919.337158203125,921.9067954976081,905.6785283577465,911.3515354526655,1268842
2017-04-21,913.5260620117188,923.3499274886169,909.6518194012343,920.7606003479358,1161154
2017-04-24,920.3651123046875,924.9310832004448,902.3380785690032,909.2563332787327,2000020
2017-04-25,913.802734375,926.8288020706012,910.3238208202632,920.3256610966905,3148710
2017-04-26,913.34814453125,926.6311373972014,910.4622243155566,925.0696075764695,2187438
2017-04-27,910.303955078125,920.2465337533365,900.4207336410367,911.6481311030697,5773186
2017-04-28,898.6414794921875,908.7619337610578,896.6055751038951,906.8841222611709,2540510
2017-05-02,905.2633056640625,910.0468223548767,901.3495894739873,906.8841922163714,2382696
2017-05-03,924.0020141601562,927.046026586081,896.8033736931875,907.2795867868042,3514406
2017-05-04,921.156005859375,929.0230131945528,912.7354800961854,929.0032274442926,2708208
2017-05-05,917.3605346679688,922.1044805486047,910.2446158470149,912.4189243756397,1682474
2017-05-08,926.037841796875,927.994699871008,916.253454910399,917.558059131758,1071782
2017-05-09,930.0311279296875,933.3716382084143,922.1245490376213,926.6312603997568,1790270
2017-05-10,922.0848388671875,931.4541141420971,915.5816980096224,930.9995245305098,1206388
2017-05-11,928.8053588867188,932.9760976092829,918.2500977635432,927.9554404549759,2071302
2017-05-12,933.2327880859375,936.8895790743956,917.1824985217588,926.3738920873425,2314446
2017-05-15,934.9920043945312,940.0719205920133,925.701779374015,938.9452916373042,1817604
2017-05-16,960.3131713867188,962.6258840883,938.2933706719338,940.8827943039647,3601026
2017-05-17,970.6708984375,972.8056359906033,957.8819693204233,962.0329229637846,2876198
2017-05-18,1002.6332397460938,1016.7860351213267,965.4921050836159,968.5559043729589,5138594
2017-05-19,991.14892578125,1004.3529704528422,982.7877572014257,1002.6332509358699,1786044
2017-05-22,1000.7159423828125,1009.5712719573204,992.275630979099,992.275630979099,1663940
2017-05-23,996.9008178710938,1013.6825095319767,993.8568047968014,1001.4470999932748,2748596
2017-05-24,1011.7061767578125,1015.9955350354188,1000.043971200013,1002.0799734696251,2534548
2017-05-25,1037.5799560546875,1042.6994444597299,1015.2043084688684,1018.762267493876,4094094
2017-05-26,1019.2566528320312,1038.469674402639,1013.8801416266407,1037.7382773912855,1362550
2017-05-29,1017.1222534179688,1026.4717456355304,1013.6235531713845,1019.5534881548365,1749290
2017-05-30,1008.5233764648438,1018.3472395877606,998.2052558083761,1012.0417643047299,927634
2017-05-31,1006.74462890625,1016.9836089478216,999.391472660872,1001.3681171874955,2502730
2017-06-01,1009.5118408203125,1013.6232224610895,1000.1820408839924,1000.1820408839924,1080064
2017-06-02,1013.9788208007812,1024.6330093866004,1009.0767821890321,1010.5592652186928,1355648
2017-06-05,1029.4166259765625,1035.7221023596449,1012.1012015914027,1014.0185852810189,1500188
2017-06-06,1065.8070068359375,1070.9264981924537,1039.7152922768976,1040.1106212853679,5946720
2017-06-07,1033.8837890625,1067.3879095569257,1018.5845816620175,1066.2019229907514,4927776
2017-06-08,996.8614501953125,1029.8120579964389,994.4499051602396,1027.0645412865445,3330714
2017-06-09,991.0895385742188,1007.0607873066921,982.7876317891934,996.228814203044,3148034
2017-06-12,983.2617797851562,993.421710721848,976.6202365897905,987.1360213587714,1626506
2017-06-13,980.0038452148438,991.816437616003,978.1849692960717,985.3804451633906,1175414
2017-06-14,987.4591674804688,989.7777293379611,981.3830070778249,981.3830070778249,1489142
2017-06-15,963.8742065429688,987.259509389943,961.3957837089389,986.9797047722952,2997198
2017-06-16,959.2770385742188,973.3881887139821,954.0003746882621,965.3732069018936,2450426
2017-06-19,972.0689086914062,977.9252857902225,961.4555610299805,966.1526083246599,1644742
2017-06-20,977.385498046875,978.9844927267063,951.5217786195819,971.7890166674655,1670958
2017-06-21,961.9153442382812,976.2462769921448,958.2775919247754,975.3868563001682,1657818
2017-06-22,957.33837890625,971.7892578741045,953.4008144918713,962.9947849521668,5775882
2017-06-23,944.0867309570312,964.9736059675625,941.0086846849902,959.1572413499516,1424756
2017-06-27,936.5516357421875,953.2810666199201,932.0544611629688,939.6496893412047,1974330
2017-06-28,939.4293212890625,942.6073034930585,933.4130846718793,939.3693004354723,1789726
2017-06-29,932.7136840820312,948.2239536566774,928.6562736853263,943.0072134359849,2471826
2017-06-30,944.346435546875,950.20271530539,928.6562981569984,929.1758934213776,1753848
2017-07-03,948.843505859375,952.6211113662907,936.6511711197167,942.3674991676424,1475956
2017-07-04,946.145263671875,951.5817875156037,939.4294658932464,948.7236233061532,1215134
2017-07-05,941.80810546875,945.4058444115423,937.4108689831148,943.7269190905555,815856
2017-07-06,938.429931640625,944.1662660205643,935.4518238160704,943.0070340120419,1026788
2017-07-07,932.1941528320312,941.9879979927765,929.6157927066553,939.4096378674005,1232090
2017-07-10,973.3677368164062,977.3452154701012,950.9818174526488,961.7950355214364,783608
2017-07-11,989.6978149414062,1005.288013673725,969.7903108873129,969.7903108873129,3537504
2017-07-12,975.1671752929688,992.6961989350502,971.4295826287474,992.3763803810994,2646450
2017-07-13,977.9454345703125,988.1790429854775,970.0304863310757,977.3858252829662,3131960
2017-07-14,958.3775634765625,969.3906603950833,949.4032240982774,952.6012139057664,4508432
2017-07-17,957.5780639648438,968.231426045067,952.2813933575839,958.4774985962651,2211822
2017-07-18,962.7350463867188,976.5863030510505,957.858033027433,957.858033027433,1908002
2017-07-19,979.2249755859375,983.3823252400293,965.4336380978151,965.593498624915,3915576
2017-07-20,977.265625,982.1425396091882,971.5892129927514,979.0845010995665,1182504
2017-07-21,995.8541259765625,999.3719347057097,973.2083969740972,973.3482504880068,2148416
2017-07-24,1014.494873046875,1018.2230320689865,994.9722699193798,994.9722699193798,2271402
2017-07-25,1030.850341796875,1034.2577802200806,1009.5638343815949,1012.5103055778561,2678832
2017-07-26,1024.636962890625,1032.2535913315178,1021.0290862607285,1026.2404636150236,1459826
2017-07-27,994.8517456054688,1036.1820087893725,988.7584634787083,1019.1046898748633,4255304
2017-07-28,995.8944091796875,999.4020676384283,978.9373664280163,994.5715012726897,1382752
2017-07-31,998.9010009765625,1009.8047885677369,987.3557738159333,990.5627759233338,2019662
2017-08-01,1002.84912109375,1010.5058743946133,998.5798405700613,1002.1877163489173,1747460
2017-08-02,991.6845703125,1005.3944754031138,986.9542258542529,1002.1874754815728,1251024
2017-08-03,997.9588623046875,1002.9898662196239,988.7387316399987,994.1706108012258,1882548
2017-08-04,1011.32763671875,1013.5324495831453,997.3771648391443,998.4996345986324,1387890
2017-08-07,1003.5707397460938,1010.2052421604523,994.6512688579708,1008.8021793241182,1885520
2017-08-08,1003.4105834960938,1013.6529633538139,1000.7046761804291,1006.9983965851037,1073958
2017-08-09,1006.998291015625,1011.3478251705598,999.501945923207,1002.1877896254229,992946
2017-08-10,1006.7774047851562,1010.445469413179,996.7155019504382,1005.7952807012103,1526172
2017-08-11,1000.6043701171875,1016.2184365806093,995.3729301892121,1002.147680618455,1394736
2017-08-14,989.9210205078125,1006.1564634964166,987.35545878844,1003.3904642092836,786504
2017-08-16,999.1211547851562,1019.7461603479074,988.2373364429563,995.7738083506699,1373340
2017-08-17,996.4348754882812,1004.1918456595878,986.9943478100124,1002.4680636359785,1752374
2017-08-18,1007.7199096679688,1022.1914429710059,990.7227456313694,991.7650601052297,2837356
2017-08-21,1013.733154296875,1021.8308131954492,999.9029608660226,1004.3927432174178,2304834
2017-08-22,1001.2059326171875,1018.022628645357,998.9810555559085,1011.4081874669171,1131326
2017-08-23,997.9588623046875,1008.9228394387146,991.4245762161605,1004.1924919584964,1562272
2017-08-24,1000.8246459960938,1009.3832692241002,996.6354236075978,1001.2655498102274,1623908
2017-08-28,997.0967407226562,1004.3525219286632,986.5537051207693,1004.0319001172752,2036796
2017-08-29,990.5025024414062,1000.5844743227725,987.7364049082258,994.9722216623082,1312602
2017-08-30,995.994140625,998.178890107684,986.1927650732212,994.5710146012707,970782
2017-08-31,1000.7245483398438,1003.9515144483577,988.8184801294547,996.1745770191832,1784664
2017-09-01,984.7295532226562,1001.4059954027688,976.752178420134,994.1701807631555,1702330
2017-09-04,984.6296997070312,986.5539203446715,977.3337902479923,983.3870452420439,1062544
2017-09-05,995.9140625,998.1789675957837,976.9526512925751,986.1527149741477,1165994
2017-09-06,983.4270629882812,992.1060701602096,982.1442818675822,989.4201279097737,1228764
2017-09-07,986.1927490234375,989.5199336404055,982.5648102492763,985.3508722710209,870636
2017-09-08,990.40234375,991.7652803308596,983.1665265567862,983.6475572400351,1021134
2017-09-11,983.927978515625,995.3529201300616,982.1441036971771,990.6426371837588,732764
2017-09-12,997.5579833984375,1000.9854863156354,984.9504765228339,991.7252290123195,1396460
2017-09-13,997.8585205078125,1014.8756530415225,992.2462677514469,1002.1879922081358,1278980
2017-09-14,996.956298828125,1001.225677315632,990.9231090689985,994.9719866800791,1081510
2017-09-15,1004.613037109375,1009.0025997632097,996.1745969056719,1001.7868481558447,2944072
2017-09-18,1001.8070678710938,1009.7844442454731,997.8784718087214,1004.1721921192013,726600
2017-09-19,1001.4861450195312,1004.1920517457925,998.7802382932701,1004.1920517457925,782754
2017-09-20,999.6024780273438,1007.8003571421227,991.8856296283835,1007.8003571421227,1334642
2017-09-21,1012.1694946289062,1018.623622847247,994.1702418973525,998.5999312991406,2438740
2017-09-22,1003.6311645507812,1012.9714781792288,998.9809732001163,1010.165351850015,2435396
2017-09-25,1006.497314453125,1015.81766198316,999.2815615266464,1000.8049067184411,1599558
2017-09-26,992.02587890625,1012.7711726889287,988.5583472093886,1006.1968578651928,1449230
2017-09-27,1000.1837158203125,1007.078750319316,991.6651170382758,998.1793396363038,2010356
2017-09-28,992.7474975585938,1007.8003828348271,982.9461172279221,1000.0634709025617,4332866
2017-09-29,976.5115966796875,995.7736631597958,970.7189715545271,993.7692878313743,1985014
2017-10-03,981.522705078125,983.8678637667008,972.9440163339291,978.1353297601091,1923006
2017-10-04,979.0574340820312,983.7476539338948,972.1222741604298,981.9838423576102,1300778
2017-10-05,973.9662475585938,979.5183093447545,971.8816186025886,978.5361848577351,1684686
2017-10-06,980.8009033203125,984.1482491404961,973.3446861017088,974.1263728763362,1389188
2017-10-09,983.7877807617188,989.339843070434,978.556340288808,978.556340288808,1773616
2017-10-10,985.852294921875,990.1416398109042,982.6452934542019,984.1485753921736,1222010
2017-10-11,1002.3282470703125,1007.98052811348,984.8500509181624,986.1528951902634,1527746
2017-10-12,1021.5103759765625,1024.2363474733763,1004.994333900491,1007.3995855971017,5006356
2017-10-13,1025.6790771484375,1045.8630798520142,1011.4078843411266,1021.5099173574746,4066320
2017-10-16,1036.0218505859375,1038.266790903428,1024.2562219283493,1024.2562219283493,1218590
2017-10-17,1040.0904541015625,1048.268266551903,1033.275577769648,1036.2620775293615,1443016
2017-10-18,1036.9034423828125,1047.7470341779517,1034.257627907653,1040.270753651302,1514144
2017-10-19,1035.8209228515625,1040.5913943014561,1030.6496742523896,1039.0680496546845,86822
2017-10-23,1037.424560546875,1053.9005651677853,1021.2091834449168,1035.8611869127262,1886088
2017-10-24,1033.6163330078125,1050.6535249937806,1029.8682094928388,1050.2927765467432,1339020
2017-10-25,1028.9937744140625,1050.740196464591,1027.0241782582364,1036.4703888997506,1105106
2017-10-26,1020.5322875976562,1032.7117892626197,1012.1110142158128,1019.0249138137436,3007552
2017-10-27,1038.8018798828125,1042.3592239585855,1017.0956923450656,1020.1908142741065,1409270
2017-10-30,1051.6243896484375,1053.1518814702001,1037.7565499878565,1039.485024993106,1137252
2017-10-31,1054.7596435546875,1061.1911047958747,1045.6350275460154,1045.6350275460154,1592634
2017-11-01,1046.258056640625,1055.9052481488818,1036.6108651323682,1054.7596049027536,741882
2017-11-02,1055.624267578125,1074.858403545322,1047.8261568593,1048.5295982228768,1468422
2017-11-03,1053.1922607421875,1059.8648444605535,1046.238222019567,1058.1363692199907,666886
2017-11-06,1071.4615478515625,1073.9738378297666,1049.8357360919165,1053.1519588631459,1377000
2017-11-07,1089.3492431640625,1112.6431802918191,1071.6627186218516,1073.250466538713,2696892
2017-11-08,1099.378173828125,1109.0253680408764,1092.6452362004757,1094.5545767217493,1402252
2017-11-09,1099.9405517578125,1105.4073327305653,1093.066986861525,1105.4073327305653,1152432
2017-11-10,1088.8267822265625,1095.7607045130078,1082.6365372369737,1094.233212150172,1356566
2017-11-13,1109.0050048828125,1116.4212641668064,1086.1331595817555,1086.1331595817555,1496996
2017-11-14,1091.177978515625,1108.0404485929218,1088.3239779523378,1108.0404485929218,1657252
2017-11-15,1087.439453125,1107.4171586464613,1085.8517058641833,1087.7208099082845,6670834
2017-11-16,1104.0614013671875,1110.6335938098596,1080.0640176102954,1089.3293663498805,1653482
2017-11-17,1088.24365234375,1104.643901060822,1086.7563962937536,1104.643901060822,1325464
2017-11-20,1086.6961669921875,1096.1222605078394,1083.4201797173075,1091.338899062983,1014498
2017-11-21,1074.43603515625,1085.7112119457056,1071.64238839217,1085.7112119457056,1527740
2017-11-22,1077.5311279296875,1089.2082707944883,1074.2149053235025,1074.456124403936,1822624
2017-11-23,1077.7725830078125,1082.495688965982,1072.8484938173806,1077.6720913916813,793470
2017-11-24,1080.5059814453125,1086.4751245995535,1074.4966023898264,1078.0740646922463,2287512
2017-11-27,1079.62158203125,1083.6612661689803,1070.115017020413,1080.4857706066277,1856786
2017-11-28,1079.400634765625,1086.2742028598943,1073.2505278439683,1079.6819916812353,911716
2017-11-29,1068.4873046875,1082.4958776727897,1065.2113166850695,1076.2653963865184,1447532
2017-11-30,1059.9854736328125,1072.024348558182,1054.3579436249022,1066.6781754234003,4299962
2017-12-01,1057.1513671875,1072.446206209923,1053.7547712066391,1059.181316852754,1031144
2017-12-04,1058.116455078125,1068.6278388006945,1046.2985822182334,1053.9560629435473,1259104
2017-12-05,1059.402587890625,1065.8943061354585,1056.4279775849689,1057.5736211040949,1167914
2017-12-06,1058.4981689453125,1063.201156323333,1050.2779754735948,1059.5834586269586,1407518
2017-12-07,1052.04638671875,1063.5828008669496,1051.1419624680605,1058.0959996672912,1326300
2017-12-08,1045.7152099609375,1063.2007420129462,1043.9063618176262,1052.3476531530787,1385548
2017-12-11,1069.672607421875,1074.3152398828533,1048.4688841605066,1048.4688841605066,1008002
2017-12-12,1049.996337890625,1070.0343992344967,1048.0869977717805,1069.6324328936873,1882246
2017-12-13,1056.5284423828125,1065.793787493924,1045.5146023203206,1049.695013609477,2961458
2017-12-14,1028.149658203125,1057.9755448946999,1017.4171751523172,1057.9755448946999,5504150
2017-12-15,1023.245849609375,1038.8621875425783,1019.7286431195082,1030.5415015309618,2718138
2017-12-18,1037.2740478515625,1040.6706434943444,1002.6446900038127,1019.788513621164,2180664
2017-12-19,1035.18408203125,1044.2283259655837,1030.9231989676553,1035.4654388819415,1801952
2017-12-20,1040.6712646484375,1042.1987571431844,1025.2759263831997,1037.8776167944084,1577570
2017-12-21,1043.3839111328125,1048.3281162777946,1037.093177757063,1039.8868239304657,1293648
2017-12-22,1063.90478515625,1070.7984710610306,1041.1735609948967,1046.7207180681496,3665664
2017-12-26,1064.989501953125,1081.1887620716896,1057.814462999423,1079.681388576841,2175786
2017-12-27,1053.11181640625,1068.6277599428204,1049.3333711983196,1064.9899441043506,739284
2017-12-28,1055.945556640625,1066.6177835995527,1047.3836531653596,1048.6499061373504,2605088
2017-12-29,1085.791748046875,1088.8868700644653,1052.5692604251085,1054.3982273879744,2609542
2018-01-01,1063.4423828125,1083.2191107294777,1059.181499574858,1078.1945305607164,1351760
2018-01-02,1057.65380859375,1073.0893748500007,1053.2321788771071,1069.23045875186,1920290
2018-01-03,1060.648681640625,1072.84840204998,1057.6540513633315,1057.9756441347124,1257120
2018-01-04,1068.0648193359375,1070.0344151807299,1061.1911555511372,1065.2108190191339,913082
2018-01-05,1080.96826171875,1085.108536179377,1065.2111949899422,1065.2111949899422,1153706
2018-01-08,1091.0977783203125,1096.102339524943,1078.0138478542724,1085.309500240237,1242220
2018-01-09,1088.927490234375,1093.7510893051806,1075.8836940410129,1091.3392897697777,2149396
2018-01-10,1128.158935546875,1131.9373804458207,1083.158718635501,1089.730908518686,3365850
2018-01-11,1121.6873779296875,1134.3090851962022,1118.351036769785,1129.52572369913,2520744
2018-01-12,1115.9996337890625,1127.5159337509112,1101.6092147221207,1127.5159337509112,3360314
2018-01-15,1103.8402099609375,1128.721896268732,1099.3984606492768,1116.3211908817527,1457214
2018-01-16,1145.946044921875,1150.2872038897715,1105.6287920594552,1107.8194894923236,4267752
2018-01-17,1161.260986328125,1175.7518968550949,1150.4882655604404,1153.6437415296143,4280806
2018-01-18,1173.0185546875,1178.9676781801174,1152.8599751010115,1164.4968849941356,2209478
2018-01-19,1189.539306640625,1198.6639252099592,1167.169815351735,1177.982771479731,1820000
2018-01-22,1255.658203125,1263.031649136002,1177.3306971200586,1193.0445565272053,4367110
2018-01-23,1249.8563232421875,1266.1141648602095,1245.0414547590788,1255.074111236335,3239610
2018-01-24,1279.1082763671875,1313.1348082640711,1242.0597498694308,1245.021247524256,5621538
2018-01-25,1257.531494140625,1281.2030066524162,1241.3945540226196,1279.2689740414855,3833844
2018-01-29,1288.8792724609375,1299.4155795959393,1257.9148649607823,1261.7022694730765,3141060
2018-01-30,1270.3447265625,1290.873454470599,1266.6579542854606,1281.2839511373406,1574758
2018-01-31,1254.0267333984375,1269.196615502786,1248.4865894418776,1263.958661216584,3043214
2018-02-01,1264.603271484375,1285.3132959014465,1244.5378592914815,1258.720607020727,2400630
2018-02-02,1270.6668701171875,1285.3130313106017,1250.4403336242824,1257.1086701219676,2456490
2018-02-05,1250.340087890625,1284.5076897768156,1239.7232154109158,1253.0799608550492,2757742
2018-02-06,1207.650634765625,1239.843867823642,1202.7148702228346,1212.7878590856724,2657306
2018-02-07,1190.6473388671875,1221.2490565219348,1187.5851111891373,1219.6373784532816,2180324
2018-02-08,1198.3629150390625,1219.878871012135,1192.2385595505882,1200.5991374859293,2755004
2018-02-09,1197.3558349609375,1206.3409593082795,1167.1167074060097,1188.6125016564542,2102458
2018-02-12,1195.583251953125,1218.1669133784421,1190.848947036439,1200.0153671942778,1974562
2018-02-14,1173.22119140625,1198.4640624264634,1165.4448242448289,1196.6710900629703,2847532
2018-02-15,1178.8822021484375,1185.7922330682807,1170.5216215041403,1181.339952376668,2465236
2018-02-16,1181.783203125,1208.5975187905817,1177.7338419828643,1177.7338419828643,2515756
2018-02-19,1177.9754638671875,1189.9421530825043,1166.5324912952385,1186.5979016316069,1568224
2018-02-20,1186.4974365234375,1202.7351153166592,1179.7082022338338,1179.748533539562,1889068
2018-02-21,1225.802001953125,1233.9812873930496,1192.6618734179792,1198.2825807115348,3089228
2018-02-22,1228.9849853515625,1240.5890861166808,1217.824135364621,1229.7102600935727,3463010
2018-02-23,1239.2996826171875,1244.6181997633523,1205.5753438189292,1228.904340977088,3362500
2018-02-26,1221.5308837890625,1245.0009418840955,1217.3002295401723,1238.977315746382,1363882
2018-02-27,1225.8223876953125,1240.4080563907553,1221.6521308167114,1225.2784069306133,1717800
2018-02-28,1222.880859375,1234.525193684289,1217.401114777088,1222.8606937260113,2706864
2018-03-01,1223.9488525390625,1233.4174631645365,1216.8171952736843,1228.5018637051203,1718124
2018-03-05,1251.40771484375,1254.5504086162466,1222.0348208355592,1228.501699241021,2858168
2018-03-06,1226.003662109375,1259.9294695333317,1220.9066706320557,1257.914871724676,1906764
2018-03-07,1219.8184814453125,1244.6181935149857,1216.2123720054983,1236.9627238883152,1917772
2018-03-08,1210.349853515625,1230.8785796728137,1203.7218482842293,1230.8785796728137,1951826
2018-03-09,1222.4981689453125,1234.2230680898426,1199.571988973992,1210.7731714317579,1872436
2018-03-12,1229.7701416015625,1242.5628297869844,1223.0615743889225,1226.0834692358726,2091340
2018-03-13,1163.1480712890625,1184.4624742064,1157.1848428152352,1178.499245732573,88067154
2018-03-14,1163.1885986328125,1177.7542017544838,1158.4140602105922,1165.626281980383,3668668
2018-03-15,1156.2581787109375,1169.4941248839793,1150.5770722456396,1166.4520626977842,2348906
2018-03-16,1138.5296630859375,1157.1848564553843,1130.1892487316688,1155.895533670743,7197482
2018-03-19,1140.6646728515625,1147.5143017595371,1136.2325600287552,1139.8588341565066,3489940
2018-03-20,1154.3043212890625,1157.668641119654,1135.8304172270548,1136.2333368500513,4024984
2018-03-21,1151.0401611328125,1162.1406118696084,1148.3204547925145,1157.3861425935079,3907678
2018-03-22,1140.8060302734375,1158.7761788191983,1137.2603194204646,1152.3294675843408,2326094
2018-03-23,1135.4871826171875,1141.913825260477,1127.388562305864,1128.9800741427248,3654122
2018-03-26,1135.02392578125,1139.214248104979,1120.740453027308,1135.8297645641974,2964210
2018-03-27,1147.393798828125,1153.5584866281629,1137.461872861241,1138.2475461839192,2494574
2018-03-28,1147.97802734375,1158.3935355238052,1138.2475609929566,1142.639344093075,6865654
2018-04-02,1172.354736328125,1174.107475579224,1144.2914312439932,1144.2914312439932,1662988
2018-04-03,1172.999267578125,1180.513676093238,1165.2833993347892,1165.2833993347892,1937290
2018-04-04,1172.8583984375,1182.1658787527954,1165.2432588115487,1180.332575252022,2841820
2018-04-05,1191.815673828125,1194.1526265205089,1176.665960177355,1179.1640413165176,1809424
2018-04-06,1188.733154296875,1192.6414528977743,1179.1638183150094,1190.2239364391978,1129018
2018-04-09,1178.0965576171875,1194.0522128339535,1174.5106125901718,1184.4627068549494,1235866
2018-04-10,1183.6165771484375,1191.5339074113165,1178.8217752076837,1178.8217752076837,1184532
2018-04-11,1214.45947265625,1218.8311875028248,1186.8394264247286,1188.8540234288655,3124416
2018-04-12,1264.86474609375,1269.1961297110179,1211.9614083783456,1212.7874128349727,6114360
2018-04-13,1270.525634765625,1305.7810786880348,1261.9837640262208,1269.1959812067544,8179118
2018-04-16,1284.3662109375,1289.3221400990149,1253.3817430001377,1255.4970702205028,6270274
2018-04-17,1275.884765625,1287.307472974456,1268.0680692986693,1284.3661413250895,3301724
2018-04-18,1272.863037109375,1286.7032629707203,1267.5243537120962,1275.6431423233691,2433066
2018-04-19,1285.7764892578125,1296.2725616305397,1275.5423735746062,1281.243645002039,4820952
2018-04-20,1370.91357421875,1378.9317321155252,1305.459314379897,1309.4885097946499,18465662
2018-04-23,1373.411376953125,1433.5471063131013,1365.715674294292,1379.5962300070978,15185910
2018-04-24,1364.1444091796875,1387.3122811659587,1346.7584715497726,1373.955538664091,8314336
2018-04-25,1398.23193359375,1403.3691591980494,1355.8448055364,1363.8830329846103,8196574
2018-04-26,1426.0328369140625,1434.3934165187716,1396.9219031097139,1396.9219031097139,12135034
2018-04-27,1390.8577880859375,1427.9465434610916,1377.9845312180962,1420.2910738432133,4501330
2018-04-30,1423.15185546875,1429.9611549542624,1385.0759667273644,1390.8578019222439,3458558
2018-05-02,1410.1177978515625,1423.1925185278608,1398.6547554926885,1422.5075749167631,3158046
2018-05-03,1402.9053955078125,1420.6942532908868,1398.2918882249064,1414.166976622289,3761550
2018-05-04,1402.46240234375,1409.0098458654295,1398.1310166294084,1406.995247858759,2347244
2018-05-07,1378.3673095703125,1406.1889180087283,1374.3179493159985,1406.1889180087283,3484426
2018-05-08,1386.5264892578125,1404.7787613013122,1368.596572470803,1383.907512648474,2992820
2018-05-09,1405.906982421875,1408.1028739471597,1386.1235963081754,1386.1235963081754,2615050
2018-05-10,1390.5760498046875,1414.710890684038,1386.123769254289,1411.4069701598287,3858678
2018-05-11,1392.87255859375,1404.174470345948,1387.0503914392903,1391.7645299586134,2627876
2018-05-14,1383.4443359375,1398.5336522698917,1374.2779168683153,1392.8927789965473,2433894
2018-05-15,1403.1265869140625,1408.525766309891,1383.5044303016973,1390.0720366996147,1952890
2018-05-16,1407.7603759765625,1413.844499662987,1400.2459667864905,1402.1396687280806,1648450
2018-05-17,1406.9141845703125,1423.5748451544034,1400.5480374535402,1415.4358917682048,2968048
2018-05-18,1411.0440673828125,1417.349717373354,1393.295446089508,1402.482029144119,1874996
2018-05-21,1433.0838623046875,1447.2867739926724,1417.4908980827452,1421.7819512025735,3446178
2018-05-22,1413.8043212890625,1440.417176330092,1407.6799640123486,1433.5877098649958,1857416
2018-05-23,1408.244140625,1428.3497865664333,1402.562935694712,1420.2913956690204,1507298
2018-05-24,1452.0009765625,1456.5539865677601,1411.165144425227,1414.247439240066,2962316
2018-05-25,1444.78857421875,1480.6484050387903,1439.4498915404856,1460.5829968836633,3769772
2018-05-28,1411.0440673828125,1457.158178363998,1404.577190592257,1457.158178363998,3716798
2018-05-29,1419.6868896484375,1427.9467395811162,1405.3832470820917,1422.2655351578605,3525312
2018-05-30,1415.8994140625,1423.5145530484958,1403.1671188767016,1413.8646509715174,3779106
2018-05-31,1414.6802978515625,1429.3060952997564,1402.5327010140127,1408.9518208426719,5049371
2018-06-01,1407.6923828125,1428.046657924794,1394.569871251872,1425.2027527738771,1603856
2018-06-04,1417.2803955078125,1421.1399809334464,1391.5633485710807,1417.8898037329125,1681483
2018-06-05,1398.876708984375,1423.496849079537,1390.3856579204455,1417.0777271522852,2449568
2018-06-06,1402.24853515625,1409.6833364491736,1393.6761518359167,1400.0140379975192,2236512
2018-06-07,1410.211669921875,1421.1403539521998,1400.6642718893202,1401.6392856303858,2414762
2018-06-08,1419.5965576171875,1427.884571505572,1409.7647884402186,1409.7647884402186,2582138
2018-06-11,1421.709228515625,1432.5161112305666,1416.265219441224,1419.5966324205249,2179378
2018-06-12,1447.1414794921875,1450.3916568745394,1424.3902378157243,1427.640415198076,4608875
2018-06-13,1482.1622314453125,1488.2969813868667,1460.9548422819555,1475.5806415928982,5370983
2018-06-14,1452.4638671875,1488.8252312227344,1449.5792947230907,1486.9563393179687,3819998
2018-06-15,1495.122314453125,1500.8506927749966,1453.316846915091,1462.5798726124792,9183574
2018-06-18,1486.143798828125,1517.7923654758781,1480.577889183967,1517.7923654758781,4674987
2018-06-19,1482.4873046875,1494.269198860133,1479.6433991975541,1480.577845124618,3245034
2018-06-20,1480.8214111328125,1492.0752297314891,1477.6931352225033,1488.5812493511173,3107695
2018-06-21,1478.302734375,1488.5814415683185,1476.880781578742,1488.5814415683185,2910659
2018-06-22,1470.5426025390625,1484.518323766505,1462.2140240942858,1484.518323766505,2949458
2018-06-25,1478.22119140625,1480.7400588538108,1467.4549796232996,1472.24901074529,2083217
2018-06-26,1504.83251953125,1512.145420544091,1479.6436382647983,1481.2687273787628,4679712
2018-06-27,1509.7076416015625,1531.7682440383649,1504.2229663696946,1511.3327305591529,4081208
2018-06-28,1497.2755126953125,1520.2705586828515,1483.9498640055867,1515.3952923268403,4888125
2018-06-29,1501.3790283203125,1517.3455468218715,1496.9507006813878,1499.063296443191,3506276
2018-07-02,1504.303955078125,1509.544925622171,1495.9753755319098,1504.8321287405154,2650290
2018-07-03,1522.7489013671875,1527.5022663598043,1508.9356463052804,1511.2919457599182,3242233
2018-07-04,1516.330322265625,1527.5028119681606,1509.0174199148746,1527.5028119681606,2700614
2018-07-05,1527.8270263671875,1533.6773054201346,1513.0386611812128,1521.895413537437,2472571
2018-07-06,1554.3570556640625,1560.8980789599261,1528.9244707875107,1529.8994845714906,3713781
2018-07-09,1530.0211181640625,1563.6604764466028,1524.7395795193113,1563.335438846339,6151747
2018-07-10,1523.6019287109375,1542.9405243965432,1520.067380538108,1542.2092146258606,5303302
2018-07-11,1608.7568359375,1623.4638711893413,1539.0811467710905,1543.8345121420161,22903802
2018-07-12,1601.809814453125,1617.6951014258862,1592.993725176554,1612.0885237185837,6921701
2018-07-13,1609.7318115234375,1623.382598140494,1603.9627656890175,1604.7753101498529,4148185
2018-07-16,1616.3134765625,1621.8388188267136,1606.7660787061805,1616.9635518362525,2582159
2018-07-17,1630.1138916015625,1635.691016304311,1612.8939289690593,1619.407382493417,3315492
2018-07-18,1628.567138671875,1637.8894804881045,1622.7050694912436,1632.434502205779,2013869
2018-07-19,1613.2197265625,1636.8716465803961,1603.9380348084594,1630.0732488991744,1746318
2018-07-20,1625.594970703125,1628.3632080342638,1615.3363023699897,1616.0690856910858,1934995
2018-07-23,1632.9638671875,1636.464789552613,1616.9651737629626,1629.1779016614744,2086201
2018-07-24,1627.5491943359375,1640.5761013441293,1615.4586161464424,1640.5761013441293,2038423
2018-07-25,1613.301025390625,1629.991750104482,1602.6352650851063,1629.910351812629,1535492
2018-07-26,1599.6224365234375,1616.1503615883419,1591.8063135942425,1607.9677973326468,3503036
2018-07-27,1582.5655517578125,1599.5819677931013,1579.7566648742854,1596.4880378276282,2033977
2018-07-30,1583.2576904296875,1591.4809056000822,1572.6326790349274,1581.955019606516,1579251
2018-07-31,1579.6751708984375,1585.2116457799043,1569.742194691143,1581.1407375986512,2204803
2018-08-01,1609.2303466796875,1613.342004573152,1587.4917321182672,1587.6137798797652,2425180
2018-08-02,1586.3516845703125,1616.1507156719697,1583.583446842308,1612.079807068262,1509287
2018-08-03,1611.6318359375,1613.748787748723,1592.9464067252545,1592.9464067252545,1505131
2018-08-06,1608.45654296875,1627.5083134121062,1605.7697038614021,1625.9206990042946,1532249
2018-08-07,1601.7802734375,1611.3876568075384,1596.2031489282651,1610.614124595913,1353521
2018-08-08,1607.1947021484375,1610.6957232707994,1597.4245215882647,1605.566338721742,1315062
2018-08-09,1607.4798583984375,1612.7313907762948,1600.6814600706386,1612.0800055645293,2060297
2018-08-10,1622.745361328125,1625.513598704025,1605.606897918885,1612.853034801882,2784105
2018-08-13,1628.4853515625,1631.823476254131,1620.2213884224627,1626.572044674758,3559575
2018-08-14,1631.2535400390625,1648.3920026201838,1614.0335797902374,1621.8497030600347,3311765
2018-08-16,1635.2840576171875,1644.6878966579307,1624.2926039065417,1628.607806970134,2152065
2018-08-17,1638.7440185546875,1646.1938000865093,1631.619929540973,1639.639598438931,1213731
2018-08-20,1636.4644775390625,1647.90377024459,1631.3758418848981,1647.90377024459,1587032
2018-08-21,1642.733642578125,1647.9036762303183,1631.6200430659871,1636.6272801415007,1376866
2018-08-23,1656.9412841796875,1659.3024311672727,1644.8914537330065,1646.9269081382658,3046791
2018-08-24,1663.3734130859375,1665.8159584796026,1653.6032315112773,1656.9413570051343,1570533
2018-08-27,1669.804931640625,1676.3998819830188,1656.8595239608755,1663.3729766349234,1532702
2018-08-28,1684.704833984375,1686.9845826347957,1670.7009476672783,1673.143492912406,1987983
2018-08-29,1686.984375,1690.7296900914903,1665.4899596109353,1687.3914658240828,1525867
2018-08-30,1695.45166015625,1697.568611795988,1681.6920708223565,1683.727524793335,2408020
2018-08-31,1692.195068359375,1703.2680183518958,1688.6127485955217,1695.37049607148,2504554
2018-09-03,1671.43359375,1701.6398154382887,1667.7697759655634,1697.4061101979073,1439711
2018-09-04,1708.885986328125,1713.6490290498161,1674.7311018552086,1677.0515993401023,4420803
2018-09-05,1692.887451171875,1715.6845408113184,1689.4679274809278,1709.781722958248,1681106
2018-09-06,1689.671142578125,1694.719028827839,1677.4584183732643,1689.4268483390663,2238097
2018-09-07,1693.3758544921875,1696.7546289698896,1681.610770141898,1692.928014811151,1312182
2018-09-10,1694.108642578125,1704.4079620006005,1688.8164613085069,1697.080326396514,1530539
2018-09-11,1666.01904296875,1700.8253051981521,1662.7215678446892,1700.8253051981521,3679745
2018-09-12,1664.1468505859375,1684.4606467437854,1660.930872230462,1670.9860969717986,2307661
2018-09-14,1681.61083984375,1686.6181766713619,1643.1408530786239,1664.1874305988808,3642038
2018-09-17,1688.7352294921875,1691.707112553294,1672.7773842625245,1685.3564542749655,1033857
2018-09-18,1685.9666748046875,1692.5208769318247,1675.2602654706307,1687.7985835422517,1456507
2018-09-19,1691.7877197265625,1700.8252142090578,1682.791172850265,1686.9026305521948,1301268
2018-09-21,1712.3463134765625,1726.8795376099513,1669.1946795806043,1691.0555396585896,4508530
2018-09-24,1789.937744140625,1799.748673520528,1708.275278710875,1721.9943200614869,3032226
2018-09-25,1777.5213623046875,1800.888336217327,1753.5845009843872,1795.1890645910823,2868778
2018-09-26,1744.09912109375,1790.3854268503528,1738.3592995500296,1780.615247167677,1970951
2018-09-27,1782.1214599609375,1799.0970269159445,1738.9290866824708,1743.8954751365973,3311802
2018-09-28,1777.928466796875,1783.0578510548737,1757.6961716331311,1773.2876710490937,2904371
2018-10-01,1836.427734375,1853.0369630028765,1783.3431226306784,1783.790763585105,3772208
2018-10-03,1760.9530029296875,1835.9797685052342,1755.0501854921429,1832.1531541972408,3902322
2018-10-04,1681.122314453125,1755.9047799088014,1674.2425192501266,1755.8642298460636,4762419
2018-10-05,1711.9388427734375,1726.064972886938,1645.3795970978636,1669.0722615180296,3417624
2018-10-08,1691.5035400390625,1727.856680084691,1667.5664744150413,1711.9393851827642,2010154
2018-10-09,1703.1051025390625,1716.009761572836,1671.6776134185347,1693.7827630183383,1867130
2018-10-10,1663.861572265625,1714.6257774175638,1651.9745402516946,1709.7814364359579,2749573
2018-10-11,1612.0389404296875,1638.9476840888424,1580.3266044791073,1616.1505975739453,4700256
2018-10-12,1561.8447265625,1610.4513321718741,1549.3877073423037,1610.4513321718741,9373289
2018-10-15,1587.2469482421875,1592.1727864259053,1563.2285922672481,1579.5122234366986,2638151
2018-10-16,1597.6690673828125,1605.4851931839823,1575.441863354161,1594.168045709275,2815425
2018-10-17,1570.8824462890625,1619.4076635910776,1563.2291171919906,1603.938208785532,2779207
2018-10-19,1557.6922607421875,1570.5563703005448,1522.5604027827146,1570.5563703005448,3428776
2018-10-22,1549.3878173828125,1559.97217977166,1536.3201609862301,1558.343816327222,1778496
2018-10-23,1504.2279052734375,1548.5718690651988,1498.8021725357062,1540.4129024210197,2752811
2018-10-24,1508.185302734375,1528.9906720715276,1477.6707411205282,1511.081776343554,2735913
2018-10-25,1511.8564453125,1531.3563945588717,1489.052174494708,1504.5133756914463,2507233
2018-10-26,1467.8795166015625,1512.5906890072938,1461.3523439640396,1512.5906890072938,2285970
2018-10-29,1526.542724609375,1532.2131668316176,1455.8452556855311,1475.7123203969843,2609483
2018-10-30,1545.9610595703125,1557.87313110551,1505.3293653181424,1523.2790921674643,2404883
2018-10-31,1581.329833984375,1586.0212388967266,1530.1730632690374,1550.2033623422083,2769190
2018-11-01,1579.371826171875,1586.3885169357627,1551.2642284480698,1585.8174291607115,2769759
2018-11-02,1561.1776123046875,1594.7517838275335,1554.2833245358752,1578.1074700391334,1818635
2018-11-05,1542.7381591796875,1572.5183868747004,1537.761209539051,1558.3625999308063,1713366
2018-11-06,1576.8829345703125,1580.7992771342915,1542.8600944830685,1545.307783686373,1398710
2018-11-07,1584.59375,1590.1826223140242,1580.39186219716,1582.839552226376,144530
2018-11-09,1557.7100830078125,1600.748637889519,1554.2833563914858,1599.9735757919705,2570479
2018-11-12,1562.3197021484375,1587.8164728169588,1557.138778267946,1557.138778267946,2552008
2018-11-13,1578.71923828125,1582.0236596679981,1552.6513792409492,1562.4421393832988,1418432
2018-11-14,1534.416015625,1574.5989246131176,1525.7266966046648,1570.6010112106844,2422318
2018-11-15,1528.052001953125,1549.3877190035685,1515.6095781959875,1520.8313366101377,1829123
2018-11-16,1539.2703857421875,1550.0402797813392,1525.9304972906225,1541.22855734901,1829729
2018-11-19,1552.2025146484375,1556.2004280824606,1521.0761376759,1549.3877110941573,1740628
2018-11-20,1532.4581298828125,1551.8356784438224,1529.153708078962,1551.8356784438224,1190182
2018-11-21,1478.4046630859375,1526.5833979330414,1467.4308934773403,1526.5425632636804,3840461
2018-11-22,1478.8533935546875,1507.4505090733162,1476.7319827583317,1484.9317832683769,3194219
2018-11-26,1506.2266845703125,1517.5676671636277,1455.9674742223083,1484.1159067584078,4333177
2018-11-27,1542.248779296875,1548.4904091416993,1497.4560293241432,1512.6725231140888,3344839
2018-11-28,1618.657470703125,1622.8185239220338,1535.9255260348057,1541.2288545443548,5313249
2018-11-29,1599.6063232421875,1629.345718271277,1584.9201825667328,1629.345718271277,4035441
2018-11-30,1605.888671875,1624.4503217086879,1599.0351197093623,1604.052904309031,5268901
2018-12-03,1617.4334716796875,1623.6342660427108,1605.9293493120022,1618.7388863460997,1610576
2018-12-04,1640.6458740234375,1647.6218307098504,1608.1324101555265,1617.9231706435357,3270615
2018-12-05,1637.301025390625,1646.4798650745142,1619.5552686684393,1636.6891027450324,2501539
2018-12-06,1625.8370361328125,1645.663362389993,1615.1488111105116,1630.1613277417978,2321216
2018-12-07,1627.8768310546875,1634.9751911218666,1609.7639666563025,1619.5955603714392,1680420
2018-12-10,1612.048583984375,1640.7681052115336,1599.157377530883,1611.3958268487213,2010786
2018-12-11,1631.7933349609375,1639.952301635742,1599.9733649291993,1607.3164349365234,2942014
2018-12-12,1645.5003662109375,1649.7429888559395,1619.5139788208407,1632.6907293386212,2219993
2018-12-13,1617.5966796875,1656.025392014432,1610.9879367364717,1651.37482094435,3748429
2018-12-14,1623.43017578125,1630.9363842738426,1611.5996756938882,1617.9228740164438,2473761
2018-12-17,1627.1429443359375,1635.7914300514778,1619.5550646477454,1630.9776192598706,1227921
2018-12-18,1621.8802490234375,1633.4252073463626,1612.5382715673807,1625.184670525357,1768742
2018-12-19,1606.0518798828125,1619.3918711086271,1599.1984270216005,1619.3918711086271,2498833
2018-12-20,1594.3031005859375,1611.3145280791773,1587.7350918421264,1594.099126396338,1940277
2018-12-21,1546.7767333984375,1590.9982869719854,1539.2296902422884,1589.3664938571424,3729956
2018-12-24,1565.2978515625,1581.9421645086322,1554.283245883014,1554.93600309532,1864116
2018-12-26,1541.3919677734375,1567.9902792146397,1525.9307655285886,1567.9902792146397,2446614
2018-12-27,1557.5057373046875,1584.2263503125955,1527.4399682365136,1557.5465719724075,4968201
2018-12-28,1546.980712890625,1566.521395669786,1544.4921885431795,1562.4419128685624,2239130
2018-12-31,1544.5333251953125,1557.5468380369034,1538.9036179095606,1556.7309413171354,1879740
2019-01-01,1552.4884033203125,1558.3628201859692,1537.9654010735874,1546.9402654830353,1094883
2019-01-02,1569.214111328125,1578.311279556454,1550.2036790047825,1554.2831623705847,2100463
2019-01-03,1550.1629638671875,1586.8783169905673,1544.574091144427,1565.7058365281262,2611668
2019-01-04,1531.315673828125,1551.182738195077,1502.0657975805773,1550.2037020114594,4280862
2019-01-07,1548.4903564453125,1557.383650334913,1534.7016823886033,1543.513406528105,1856423
2019-01-08,1544.9410400390625,1555.4252913840435,1536.5780999254907,1554.6093947875975,1691756
2019-01-09,1539.556396484375,1565.7059282461116,1523.034486611012,1556.2415454725774,2414376
2019-01-10,1540.8614501953125,1554.2829084373461,1527.4398923565332,1542.0444603394142,3053461
2019-01-11,1503.330322265625,1529.8061271338536,1497.1702630883315,1525.7266441281633,9209862
2019-01-14,1479.42431640625,1510.2244090268682,1476.7726528031505,1509.4085125336069,3615370
2019-01-15,1523.93212890625,1525.196709226378,1475.1414589539077,1476.773252603193,7711653
2019-01-16,1525.8492431640625,1529.806322264968,1506.9612145191445,1525.726838738928,2359280
2019-01-17,1548.8662109375,1551.8914599500738,1530.0603607905812,1535.53854677884,2625816
2019-01-18,1554.0577392578125,1556.9603205225972,1533.9027603182376,1537.9909872913672,1683728
2019-01-21,1560.6396484375,1579.690825124216,1549.8058474887962,1555.1614644856413,2409803
2019-01-22,1555.079833984375,1568.448316550992,1545.3498335886225,1559.3315502161877,2457093
2019-01-23,1533.5760498046875,1558.5142403185953,1528.9972544592665,1554.3442677684843,2578169
2019-01-24,1554.7938232421875,1557.8190716346105,1533.0852955333391,1541.0982612687565,1962927
2019-01-25,1570.5335693359375,1582.144095903743,1554.3441479653827,1555.1617934929814,2327080
2019-01-28,1598.4969482421875,1604.2204667269423,1574.3764060564358,1580.5087472901016,2769033
2019-01-29,1621.1864013671875,1626.3376072620838,1583.492968749217,1604.2202594792193,2557626
2019-01-30,1620.082763671875,1626.7056720554667,1598.2107472217701,1618.6109618931932,2429575
2019-01-31,1646.8199462890625,1651.4396637881362,1623.026479821488,1624.6617709850361,4094319
2019-02-01,1659.7794189453125,1663.704157213,1633.737430106656,1643.0586086347332,3064163
2019-02-04,1676.37744140625,1680.6291574608508,1654.0966047871448,1659.7792002576514,1590764
2019-02-05,1671.71728515625,1680.2616414135473,1658.1852110884058,1676.1734135755582,1111404
2019-02-06,1696.450927734375,1706.3035959590857,1668.8553920376346,1676.0914349591562,1789812
2019-02-07,1703.0738525390625,1715.3794581083819,1690.0733680178932,1696.410121091013,1339945
2019-02-08,1685.4942626953125,1708.4701798509006,1676.9908298033965,1696.6143207421003,1684474
2019-02-11,1689.173828125,1713.7850385361442,1675.2738540529033,1684.3497993246453,1778730
2019-02-12,1677.4813232421875,1692.5259182226525,1650.0083589243056,1692.5259182226525,2422903
2019-02-14,1671.7581787109375,1696.6146249860367,1662.3144318893364,1684.390863154215,1724085
2019-02-15,1659.5748291015625,1677.808361452748,1644.243977845598,1675.3554252517936,1930065
2019-02-18,1611.0072021484375,1669.5914308691679,1604.752193204497,1666.0346923905372,2942184
2019-02-19,1557.4515380859375,1611.5796424175612,1546.9856334114793,1610.76199673394,4408554
2019-02-20,1565.58642578125,1581.1626095419406,1538.2362288898892,1565.7908371176882,4645778
2019-02-21,1565.13671875,1586.2320091044483,1551.1141805795507,1565.586463625125,4683919
2019-02-22,1574.4989013671875,1578.0556389333071,1557.696248292795,1567.589737776911,2271955
2019-02-25,1623.1490478515625,1627.1146087198103,1578.46469956462,1580.0999906286602,2934880
2019-02-26,1666.9339599609375,1672.2078336986876,1612.6014525301734,1622.208787841229,6453309
2019-02-27,1682.7962646484375,1696.5734713976415,1653.2791825791242,1667.99680141514,4732082
2019-02-28,1621.759033203125,1693.6301971297414,1616.9758266770887,1684.3498402491023,8454295
2019-03-01,1631.529541015625,1639.3789163638512,1619.2239386519968,1631.2433851069825,4148548
2019-03-05,1625.5614013671875,1641.0149251082873,1616.1584757873443,1639.3796337030972,2449622
2019-03-06,1634.9639892578125,1647.5557504390983,1623.0673066283823,1626.5423001466781,2635047
2019-03-07,1646.165771484375,1654.9554608571823,1635.4545352842001,1639.3792737189467,2539884
2019-03-08,1653.8514404296875,1662.273228634617,1643.50830515627,1655.7320649213475,2031071
2019-03-11,1647.392333984375,1662.273443430881,1638.2755659189042,1658.9211165566956,3111689
2019-03-12,1645.470703125,1655.56870524538,1637.743992808439,1646.7790158181754,2658550
2019-03-13,1635.6995849609375,1648.2913437924647,1617.7931311520315,1645.9201522251271,1833163
2019-03-14,1624.988525390625,1641.668511897274,1619.7555747479191,1639.3381426053572,1905495
2019-03-15,1667.9560546875,1691.6677764178055,1627.9323436219988,1634.391763641615,5184318
2019-03-18,1653.9332275390625,1688.110846681223,1644.2849714720696,1670.4496254189153,2349915
2019-03-19,1653.9332275390625,1659.8202347530091,1631.2843890801842,1659.8202347530091,2373993
2019-03-20,1647.5966796875,1671.9216344196216,1635.2910744283283,1658.185149470325,3091165
2019-03-22,1639.9110107421875,1648.373623220778,1621.6366505063304,1647.555977574339,3148149
2019-03-25,1622.4130859375,1641.6686774170096,1616.6486452292986,1641.6686774170096,2429205
2019-03-26,1621.1048583984375,1631.1618380869872,1600.990799211097,1622.2086598531241,2316539
2019-03-27,1609.0443115234375,1633.6554167079948,1603.4025386208098,1630.3848352931639,2266166
2019-03-28,1635.5364990234375,1647.2287709700718,1613.0512454988502,1618.9382537702777,4054489
2019-04-01,1661.1693115234375,1667.9557085171552,1642.0363890326405,1643.4672684952607,2095740
2019-04-02,1700.1304931640625,1705.6086786219212,1665.5440452314733,1665.6257898273627,3719663
2019-04-03,1700.1304931640625,1708.552282555951,1682.7964468049488,1704.791033042524,2939886
2019-04-04,1647.146728515625,1700.457170944085,1641.3414658902007,1699.189780595966,4397518
2019-04-05,1674.7830810546875,1679.7705981280408,1650.6625422110842,1658.7163292866485,3152103
2019-04-08,1693.139404296875,1696.6143976414417,1662.027953370245,1683.5320697560137,2194294
2019-04-09,1710.1055908203125,1715.420286655996,1682.4282103509045,1692.5262122868978,2690970
2019-04-10,1668.2012939453125,1705.199754208038,1664.7263004399738,1703.1556403813681,3313062
2019-04-11,1651.2349853515625,1680.2613988103299,1646.4517794337846,1672.0849443149023,3422442
2019-04-12,1647.146728515625,1667.1790416695753,1641.0143877542118,1666.3613962347204,3198471
2019-04-15,1727.93017578125,1733.2448712258492,1668.814369604152,1692.5260877415947,9189201
2019-04-16,1743.056396484375,1762.8024518322422,1729.7696595512177,1733.4081414334391,5771952
2019-04-18,1757.978759765625,1762.0260650954594,1728.6660885328963,1757.8559931674574,3413728
2019-04-22,1767.2998046875,1779.1965864927865,1754.3402434414472,1756.3025127695337,2007135
2019-04-23,1762.0667724609375,1770.6111270311774,1744.896218931658,1768.567013515787,2163524
2019-04-24,1785.287841796875,1794.7316862660118,1762.9253594646534,1764.4788059052637,3003071
2019-04-25,1794.7318115234375,1802.9082662456399,1772.6963059711973,1778.3789020790325,4211526
2019-04-26,1830.3408203125,1834.7560272410387,1793.2195857874913,1801.2734757747787,2716958
2019-04-30,1848.165283203125,1853.561624307298,1823.4315041859434,1830.3405694749063,3488395
2019-05-02,1811.411865234375,1847.3882693075145,1807.8961490781687,1843.7907087483986,2457699
2019-05-03,1743.2198486328125,1787.413618772006,1737.496331306157,1786.555051248919,3780886
2019-05-06,1764.356201171875,1770.2022859169047,1724.0053209495582,1725.2317890460363,2891422
2019-05-07,1759.5322265625,1786.0240610280543,1748.7802678854973,1766.1552350840104,2201698
2019-05-08,1760.26806640625,1772.6553149814802,1741.9117665708832,1758.7553424931568,1824895
2019-05-09,1776.3756103515625,1785.8194549468656,1746.5724744950837,1753.849438938999,2264162
2019-05-10,1746.3272705078125,1792.278906938621,1738.191737838825,1778.3789336640057,2039633
2019-05-13,1740.56298828125,1771.8379309949355,1734.7576249489418,1744.037981916104,1701744
2019-05-14,1710.8006591796875,1765.9508087917145,1694.4477490133052,1745.6731602613033,2456110
2019-05-15,1713.2939453125,1736.67868160794,1704.3816910601463,1714.6022576891949,2346876
2019-05-16,1724.2098388671875,1736.6789319520597,1698.2905180837108,1713.784859402786,1946529
2019-05-17,1713.3349609375,1745.6728754394026,1708.8788335683143,1727.3576988895309,1947908
2019-05-20,1752.9908447265625,1759.0822631343563,1676.173098035795,1737.4965040614948,2625116
2019-05-21,1725.027587890625,1756.874840085661,1719.1405802342913,1756.3434503606209,1863157
2019-05-22,1702.1334228515625,1735.0027301587077,1696.614316040347,1725.2319069133166,2595795
2019-05-23,1679.48486328125,1729.6065748646527,1676.1733589163653,1715.4203448812364,2541294
2019-05-24,1674.5374755859375,1692.5256711244583,1661.65956287086,1692.5256711244583,2274208
2019-05-27,1680.3841552734375,1691.6677036736469,1668.0786497562913,1680.0980991061222,2329820
2019-05-28,1695.59228515625,1715.0113649741938,1672.0849780082128,1684.349659998493,5872979
2019-05-29,1723.22900390625,1736.4339003425068,1698.3317356036157,1700.7028279674835,3281320
2019-05-30,1754.9124755859375,1763.2933414786523,1728.8294658646198,1735.8612966081596,4971725
2019-05-31,1795.99951171875,1802.8676550218852,1759.777771127464,1766.1145246301878,4265370
2019-06-03,1833.40673828125,1837.7810223961217,1787.086996040084,1799.637935639337,3682419
2019-06-04,1799.4471435546875,1833.159391803469,1792.7705382970075,1833.159391803469,2408658
2019-06-06,1785.4344482421875,1812.552594375828,1773.812270621547,1812.552594375828,3735467
2019-06-07,1798.3338623046875,1804.9692125514268,1765.6519500682537,1791.945830938646,2659446
2019-06-10,1839.3411865234375,1842.9268077578267,1801.4251235254192,1810.656820356018,2080593
2019-06-11,1856.89892578125,1866.0893737730482,1838.9299598839077,1843.8755357509194,3048937
2019-06-12,1863.574462890625,1868.5200364499642,1829.037954695601,1850.4687734527374,2404448
2019-06-13,1857.9693603515625,1883.4389798472705,1848.8612235060018,1866.129474999659,3320916
2019-06-14,1858.298828125,1865.3875623881936,1841.4014557690175,1860.5655488069,2131408
2019-06-17,1853.9306640625,1864.4812614033876,1847.5426314471702,1859.5356877657127,1489497
2019-06-18,1855.2908935546875,1862.8328131667267,1839.0940184862686,1849.6446162593518,1877447
2019-06-19,1862.7498779296875,1876.020578509272,1848.9434874683386,1858.7110740502671,1652817
2019-06-20,1877.6279296875,1882.6147559563638,1823.2678809875115,1838.1045997297247,2199377
2019-06-21,1854.466552734375,1889.6212581328662,1847.996013406275,1883.4392910942636,3871804
2019-06-24,1875.6085205078125,1879.317700179219,1855.249285669713,1858.010443128012,1382424
2019-06-25,1869.2615966796875,1874.742859050797,1855.0018223614852,1871.0749330195829,1386077
2019-06-26,1858.0523681640625,1868.4381554927877,1854.590506133137,1866.9544428406914,1762224
2019-06-27,1856.6917724609375,1866.1295339645985,1847.4188231424296,1858.7111745097923,2813464
2019-06-28,1835.796875,1864.4399886875178,1831.9228826045526,1862.8327175191403,2372928
2019-07-01,1845.9765625,1858.71137401715,1818.8171616057764,1842.2261290147806,2769940
2019-07-02,1856.3209228515625,1860.3597270104447,1826.935855602314,1850.3860742091238,1771746
2019-07-03,1844.4105224609375,1861.8437914841713,1839.7535207902229,1856.4035796111223,1656881
2019-07-04,1848.531005859375,1856.2379356870438,1838.186679240192,1841.4012203929199,984140
2019-07-05,1782.9615478515625,1854.5898486217586,1763.9210115780281,1852.1170621569295,4088470
2019-07-08,1793.0994873046875,1804.1447189262635,1757.409103434623,1771.3390508412717,2788062
2019-07-09,1758.440185546875,1792.2759944235584,1734.7013893405117,1791.9463699740518,3977224
2019-07-10,1737.7099609375,1753.906837927654,1707.294758705514,1714.4658013775497,6343581
2019-07-11,1733.052734375,1754.854431903224,1719.4524064621758,1754.030169605477,2400346
2019-07-12,1737.215087890625,1747.2297930955792,1725.2632860272515,1732.6816458045178,1560725
2019-07-15,1768.6192626953125,1775.1310544501425,1729.301998216591,1751.5570763633252,2900415
2019-07-16,1739.9508056640625,1761.8447735416019,1734.9936808616008,1756.4745550056016,2735399
2019-07-17,1749.2454833984375,1755.648436519863,1728.4669484674107,1741.6032490277041,1802969
2019-07-18,1706.8619384765625,1748.377858240154,1701.9461634427546,1748.377858240154,3072096
2019-07-19,1715.9500732421875,1732.5151728179949,1704.0117043095445,1715.9914229580236,1953177
2019-07-22,1743.1727294921875,1749.4104847567394,1709.216548085204,1715.9912444819865,1920167
2019-07-23,1745.2801513671875,1759.779785717464,1736.9769247130992,1758.0447108801393,3538588
2019-07-24,1732.3497314453125,1752.1782284819872,1715.5780873606116,1743.255364474303,2413196
2019-07-25,1758.04443359375,1763.9104459699872,1728.838824282406,1742.346869905961,2544464
2019-07-26,1742.4705810546875,1759.6139696513567,1730.8626077119054,1759.6139696513567,1720592
2019-07-29,1759.7794189453125,1769.6936691928918,1737.7202524856364,1743.9166588903734,1647090
2019-07-30,1800.3865966796875,1805.2198747383707,1751.8894257407214,1759.7795575252767,2851672
2019-07-31,1822.322021484375,1827.2791472816064,1773.9486952385316,1794.2729916895667,3000677
2019-08-01,1801.1304931640625,1832.0711814567135,1789.729062832291,1817.6128970483742,2375236
2019-08-02,1821.9912109375,1825.8742515838476,1789.1089103189238,1795.3053161500907,2500816
2019-08-05,1857.765625,1860.7811292312294,1813.9776796789854,1817.5301251987455,3039682
2019-08-06,1829.9228515625,1860.533142768143,1827.0725446572046,1844.7117307635026,2885467
2019-08-07,1828.724853515625,1849.4208926781635,1823.6025308750843,1842.398298267726,2165362
2019-08-08,1865.6141357421875,1884.5337494315713,1833.2274233131145,1841.4892985846252,2073298
2019-08-09,1855.8236083984375,1873.710486479262,1851.7753704692766,1867.1836861348777,1744550
2019-08-13,1817.1580810546875,1855.8236969176307,1812.903296054646,1854.790962528695,1647281
2019-08-14,1821.24755859375,1832.35994131045,1790.6786225325923,1801.9975521145702,1945002
2019-08-16,1788.77880859375,1851.8167595284838,1770.7265293039777,1851.8167595284838,3755507
2019-08-19,1787.0433349609375,1806.0456450414283,1782.6645014272954,1801.0885206726048,974884
2019-08-20,1806.665283203125,1821.7432031383976,1789.9349884804255,1794.47901914585,1843611
2019-08-21,1806.211181640625,1819.2649852730558,1802.9477811590036,1805.1784472030267,1214408
2019-08-22,1830.831298828125,1847.0658007369038,1792.8266780040756,1806.8718639607896,2131601
2019-08-23,1857.0213623046875,1867.1008081548482,1829.0961880891323,1829.9637251926831,2826425
2019-08-26,1880.6505126953125,1885.359740768845,1838.267056621683,1856.4431803276052,2345475
2019-08-27,1847.7689208984375,1879.4533021023897,1841.5725127129967,1875.4462107934064,3432106
2019-08-28,1850.0406494140625,1860.6983891525504,1830.831787027604,1850.6602901362062,1294621
2019-08-29,1845.2481689453125,1857.434432836143,1835.953560892984,1835.953560892984,1670652
2019-08-30,1866.8529052734375,1872.140423315364,1832.4834328832644,1851.4857407986453,2583625
2019-09-03,1860.2432861328125,1897.091116327575,1848.1395219400551,1875.4450507961244,2545060
2019-09-04,1855.1209716796875,1875.44526091647,1844.8763293508712,1871.314324218416,2228092
2019-09-05,1830.2528076171875,1861.9369702685676,1823.64330906701,1852.4771658098039,2055943
2019-09-06,1815.5467529296875,1845.2894983701738,1811.4985154826486,1830.8312193366041,1890550
2019-09-09,1803.4437255859375,1819.9674779729871,1800.9238130057201,1817.612762575448,1703945
2019-09-11,1779.608154296875,1813.481847113111,1773.4530967970688,1806.0461584461323,2627440
2019-09-12,1762.7535400390625,1788.695744051018,1751.8065568479883,1780.4338699445466,2118859
2019-09-13,1769.6527099609375,1782.8717132079014,1747.8414352858401,1763.9107457667342,2291174
2019-09-16,1776.30322265625,1795.635930536736,1756.8051159019249,1784.5237483920052,2597948
2019-09-17,1753.7064208984375,1781.714291858883,1739.6200885633132,1780.392311474491,2796530
2019-09-18,1766.8431396484375,1770.4782835981605,1745.8578582487453,1756.8048415158287,1454663
2019-09-19,1736.6044921875,1764.5710151858502,1727.5577808784556,1763.9100249524165,1652691
2019-09-20,1706.4488525390625,1759.2835003770601,1699.467608828424,1739.0419075640818,6941979
2019-09-23,1665.4287109375,1734.167466803089,1631.7202224564558,1734.167466803089,6323401
2019-09-24,1689.305419921875,1702.7723155485714,1663.1153183887793,1664.7676932704373,4620978
2019-09-25,1725.451171875,1728.3841777185273,1701.9875285386286,1706.0771161514144,4002232
2019-09-26,1724.7490234375,1740.7769794908318,1704.4247312242933,1733.258592916974,4234281
2019-09-27,1698.7652587890625,1722.7660447527187,1694.840868368865,1722.6008476025263,2046795
2019-09-30,1734.415283203125,1738.298323718157,1701.9460774046595,1703.4746048070238,2620039
2019-10-01,1701.904541015625,1731.6472847369992,1685.1742476723518,1731.6472847369992,3342877
2019-10-03,1702.15283203125,1719.4200704555144,1690.5036082112404,1710.2081603226247,2317618
2019-10-04,1717.93310546875,1725.0381971381744,1697.7740088976423,1702.4420894229931,2163251
2019-10-07,1691.783935546875,1730.4495470515878,1686.2485201872958,1718.4698294902378,2177916
2019-10-09,1668.9814453125,1701.9463486437178,1665.181002762822,1701.9463486437178,2066920
2019-10-10,1656.051513671875,1684.6376821932333,1649.9790556454589,1675.508269868787,2881452
2019-10-11,1641.5106201171875,1648.244068437035,1590.4109432287178,1595.3680682465736,12593069
2019-10-14,1669.7249755859375,1679.4326789323673,1625.9370370871475,1648.244100095965,3510704
2019-10-15,1683.19189453125,1691.2058732278297,1671.1294759157397,1678.8130602828285,2261310
2019-10-16,1690.7100830078125,1698.641462662883,1665.593963389286,1683.7700879897643,3034082
2019-10-17,1715.6727294921875,1721.6283545970912,1688.93604190866,1701.3540265743582,3818774
2019-10-18,1737.974609375,1743.507646390046,1710.646422304936,1721.2059681216333,3087901
2019-10-22,1732.9481201171875,1783.7184994728973,1723.3601761521732,1757.1084437147176,5552505
2019-10-23,1748.7454833984375,1760.3609847087134,1733.877559224826,1740.2132872122493,2348134
2019-10-24,1758.7979736328125,1773.1589561264523,1741.3114067858423,1760.4875009850055,2798671
2019-10-25,1795.0804443359375,1799.3465419394645,1752.9268214601893,1768.9350510897834,3954245
2019-10-27,1787.2667236328125,1798.5021233784298,1781.4379359313855,1798.5021233784298,224405
2019-10-29,1854.130126953125,1859.9166359188616,1792.166612440387,1792.166612440387,5064173
2019-10-30,1903.0843505859375,1909.1666100422553,1838.924567040945,1879.5998705062027,5195136
2019-10-31,1917.318115234375,1930.2430428859223,1889.7366590989325,1900.7185887226635,4879261
2019-11-01,1859.24072265625,1921.8378080432742,1854.2566983098845,1912.5454054549332,4172620
2019-11-04,1853.369873046875,1883.1478030265475,1842.3456619763724,1864.3940841173774,2646411
2019-11-05,1860.043212890625,1867.7727189869847,1832.2926402002577,1855.9460260580756,2693475
2019-11-06,1848.765380859375,1867.603652856136,1840.740125607758,1858.4801635323854,2540719
2019-11-07,1846.1044921875,1862.2816350533794,1837.5300166189115,1862.2816350533794,1915598
2019-11-08,1799.3040771484375,1849.6943465126478,1794.2777752879178,1849.6943465126478,2788759
2019-11-11,1774.8060302734375,1806.949326249949,1766.4006737674817,1803.57027187641,2983768
2019-11-13,1840.4019775390625,1844.7947068105432,1789.209223216869,1789.209223216869,3823365
2019-11-14,1855.776611328125,1858.4798134449154,1813.4538748982343,1847.920269050342,2995915
2019-11-15,1836.896240234375,1868.1947740802354,1832.0811287752706,1855.100937770833,2724180
2019-11-18,1818.4384765625,1848.1318389937678,1815.1860537254524,1840.233215670163,1611089
2019-11-19,1781.4373779296875,1820.1696621359235,1778.2272352591476,1818.7758848042495,2975313
2019-11-20,1781.2269287109375,1803.5708921926757,1769.3579548934704,1792.5466822591397,2894129
2019-11-21,1789.2940673828125,1796.4745588003727,1780.2549308407392,1784.1409263396383,2052574
2019-11-22,1750.096923828125,1779.9171238190256,1740.6356115942583,1771.4694867814412,3742049
2019-11-25,1758.37548828125,1761.2898815439894,1733.6238727804964,1752.504422326229,2737010
2019-11-26,1728.9356689453125,1772.229705993536,1719.1364305263435,1765.429523116033,6561580
2019-11-27,1735.398193359375,1750.0969999476329,1728.8512743704925,1733.4551955079933,2907521
2019-11-28,1754.8701171875,1769.2731746132724,1740.2133831388724,1746.1690090235743,2924429
2019-11-29,1734.51123046875,1761.332480471128,1728.2177815589432,1761.332480471128,2064271
2019-12-02,1707.309814453125,1746.7179608080091,1703.0437162767219,1740.2133211954597,3809860
2019-12-03,1732.6099853515625,1741.9023841028386,1697.9746809149883,1712.9269540210953,4664774
2019-12-04,1755.8414306640625,1758.7981037491356,1727.9642272905173,1734.2999553299594,3334301
2019-12-05,1791.997314453125,1796.6435148974879,1747.2671168778966,1759.6428228377881,3902721
2019-12-06,1793.9400634765625,1797.6569408201588,1774.848323619903,1794.277886420121,1829461
2019-12-09,1740.593017578125,1797.6145572761416,1734.721952146327,1797.6145572761416,2244747
2019-12-10,1700.38232421875,1740.9310785316206,1692.272614604397,1740.212947003648,4520045
2019-12-11,1724.923095703125,1730.0761338762002,1695.2296297148753,1710.9844940385951,4943024
2019-12-12,1707.1827392578125,1760.1915507764115,1676.0109425351397,1732.694661243331,7137306
2019-12-13,1749.7166748046875,1754.9118886510507,1695.440611385882,1708.9568295135223,5711133
2019-12-16,1796.6009521484375,1804.4150152999,1757.361724922558,1770.624471942224,5574177
2019-12-17,1828.871337890625,1832.2926725107652,1790.0544827341225,1796.390211200619,6059673
2019-12-18,1831.2364501953125,1861.3944720410652,1818.7761860318337,1836.516223145939,8251081
2019-12-19,1883.0205078125,1889.3139559323472,1831.0675418881365,1841.4158968893307,6251505
2019-12-20,1877.8250732421875,1897.9304897689144,1865.4493680146882,1875.375341103864,5548338
2019-12-23,1885.2587890625,1893.9176155224563,1866.9274611223248,1866.9274611223248,2247329
2019-12-24,1871.6585693359375,1895.2696739205144,1867.8992058115043,1891.4259577692715,1805896
2019-12-26,1860.1273193359375,1882.9782178260634,1854.4251645713227,1872.3341131023308,1880367
2019-12-27,1857.212646484375,1880.7814668020878,1838.2054667955424,1865.2379001307709,2720261
2019-12-30,1844.288330078125,1879.5994989928304,1839.1353945222156,1864.3937502369333,2288830
2019-12-31,1826.125732421875,1855.9459336416799,1822.535486532946,1849.1878237331075,1909289
2020-01-01,1831.1099853515625,1844.8794694712733,1819.621115865423,1831.447808354799,1354908
2020-01-02,1822.7042236328125,1841.5424944487077,1815.5660119731094,1841.5424944487077,2380752
2020-01-03,1859.02880859375,1877.9093562781413,1828.0683072361214,1828.0683072361214,4655761
2020-01-06,1858.8599853515625,1880.4014567225522,1848.2581611344808,1862.7037009032354,3023209
2020-01-07,1863.4222412109375,1870.8559973806894,1844.795158867594,1858.9026725530766,2429317
2020-01-08,1905.1536865234375,1909.1663148400262,1860.212290625881,1862.7043027532113,5197454
2020-01-09,1870.6024169921875,1902.3654055725954,1866.9276127240882,1899.6622032186847,3734173
2020-01-10,1869.9268798828125,1887.2022576899801,1865.2383997222364,1882.1336750820392,1915807
2020-01-13,1850.3280029296875,1874.4881177425082,1845.5549649245393,1873.5590015426556,2843893
2020-01-14,1864.3092041015625,1883.6544194512728,1854.2565970740293,1854.2565970740293,2948452
2020-01-15,1881.203857421875,1884.6674704556833,1853.58013072572,1869.4617266330915,2620681
2020-01-16,1891.2569580078125,1899.8735062499147,1871.1515412821525,1881.246425956419,3117214
2020-01-17,1874.615234375,1903.7173029831172,1869.462093239249,1892.9042862294834,3281059
2020-01-20,1833.4329833984375,1894.12913165127,1821.4794532687185,1854.171767292639,5817599
2020-01-21,1834.024169921875,1847.1180065421472,1823.0422424339051,1833.0948474072118,1902980
2020-01-22,1864.3092041015625,1866.9280544572232,1836.2630863416605,1842.4299035163817,1773686
2020-01-23,1855.0379638671875,1877.729083754739,1848.8995191113665,1870.9980029161143,2069866
2020-01-24,1848.6451416015625,1855.0376311633627,1837.2996870473519,1855.0376311633627,1319430
2020-01-27,1836.6651611328125,1857.1548267861479,1833.0667621770376,1853.9797688839938,1549101
2020-01-28,1848.9415283203125,1852.3706312258857,1822.0593790247567,1840.6863801114412,1743024
2020-01-29,1824.260986328125,1851.651022997194,1820.3661667294791,1850.000034559959,2306761
2020-01-30,1810.0791015625,1833.0664339745156,1799.1991557486585,1828.8330241962835,2098567
2020-01-31,1760.29443359375,1815.582815193962,1753.9866933900985,1811.3915734974441,3287223
2020-02-03,1780.1490478515625,1858.213093174071,1772.2748632777887,1822.0598102147742,4728073
2020-02-04,1784.5938720703125,1809.105273070461,1766.6866315922948,1802.5858634267324,3509339
2020-02-05,1817.4454345703125,1826.0391748774875,1781.673117194104,1790.7325739806186,2439322
2020-02-06,1802.03564453125,1840.8558886361448,1791.1556985873144,1816.1328165775417,2640065
2020-02-07,1808.978515625,1821.213029502215,1794.119204795534,1811.0528452372096,2083442
2020-02-10,1830.4842529296875,1834.7600387088164,1794.1192995034526,1812.6615540821042,2383032
2020-02-11,1823.244873046875,1841.3639912457854,1818.3342829843193,1831.3731026494938,1335820
2020-02-12,1837.9351806640625,1850.000400668422,1820.3665269735043,1821.2979599734297,1620407
2020-02-13,1855.884521484375,1860.160306817816,1838.146575376185,1839.7975638924138,1645948
2020-02-14,1849.3228759765625,1872.860678101104,1838.1467143569155,1852.5403090801155,1500115
2020-02-17,1865.45166015625,1877.0935348083087,1854.4024214173207,1860.1175235192404,1774724
2020-02-18,1876.0355224609375,1880.4806026788863,1850.8891099984337,1862.6579063678857,2486223
2020-02-19,1859.6094970703125,1888.100254550507,1854.6563262748368,1876.0350399194108,1760463
2020-02-20,1826.1239013671875,1874.8926638110138,1821.4247746102585,1866.51059413286,2317278
2020-02-24,1791.0286865234375,1844.877532741083,1783.7047638719052,1825.4462239715879,3092877
2020-02-25,1825.5732421875,1842.9302225273934,1787.3456340251303,1791.1557028802288,2674567
2020-02-26,1798.0135498046875,1832.1346609134027,1788.9962646258793,1823.7525937928317,2686842
2020-02-27,1782.688720703125,1794.9232326807135,1766.347718872245,1794.9232326807135,2349001
2020-02-28,1693.4912109375,1752.2085934838017,1684.8973670126916,1750.9385703428372,4298076
2020-03-02,1694.46484375,1739.0425714128733,1681.2565209634888,1722.9979877582016,2667076
2020-03-03,1724.013916015625,1744.164989763527,1703.524252137969,1710.2977084088952,2757585
2020-03-04,1763.8074951171875,1773.3326654249663,1714.530655400164,1740.7777913593766,3237002
2020-03-05,1799.2415771484375,1818.4612166906686,1764.5276160801952,1765.9245586589109,3937056
2020-03-06,1791.9598388671875,1798.0559071132902,1753.9862802509888,1776.3385993898473,2595027
2020-03-09,1669.9532470703125,1761.0138355229412,1638.3296945670588,1756.8651763445205,4940975
2020-03-11,1654.16259765625,1682.6111958082988,1625.6294553290875,1636.636321432878,6796449
2020-03-12,1498.500244140625,1615.8080865332583,1488.7634003146889,1612.0826647462989,8728786
2020-03-13,1529.36181640625,1540.9613190594714,1275.1455328636093,1429.1146417920922,8029720
2020-03-16,1436.3114013671875,1559.7999534824614,1418.9120444904488,1485.92694713623,7844271
2020-03-17,1403.798583984375,1465.6063624107076,1374.291740570968,1464.7596805144565,5713248
2020-03-18,1400.7508544921875,1450.832120219064,1378.1867563784579,1419.716553764198,7258778
2020-03-19,1395.590576171875,1437.4663755059796,1319.1736217192135,1330.218221032929,5135111
2020-03-20,1532.98779296875,1594.010549885193,1387.6164604939588,1390.1750649078997,8547498
2020-03-23,1424.0338134765625,1492.5191629998783,1379.7273576817445,1381.6463108913158,7003490
2020-03-24,1452.562744140625,1509.576972242022,1392.6060577799317,1409.8340608330438,6350865
2020-03-25,1492.7752685546875,1543.6914590118408,1432.8185917899957,1449.875955977972,2765520
2020-03-26,1527.4442138671875,1562.4971790901059,1469.10811408077,1562.1133259460546,4556067
2020-03-27,1556.05810546875,1577.806245610955,1492.8605896422032,1552.2201983848315,4331250
2020-03-30,1516.825927734375,1624.7137432296793,1504.075591183426,1506.165076400847,8513547
2020-03-31,1557.42236328125,1582.070271349587,1518.105166038957,1567.0598141253336,3927593
2020-04-01,1457.338623046875,1564.8000226102438,1451.5817623559803,1557.2521594152715,4941878
2020-04-03,1410.8145751953125,1483.990710494697,1407.2325702966955,1483.990710494697,5735369
2020-04-07,1514.011474609375,1523.094541087107,1454.14017305764,1458.4045137410935,5427577
2020-04-08,1454.5240478515625,1540.2799880552966,1450.7288259590584,1501.0480503750398,6285615
2020-04-09,1506.29296875,1517.0817707011477,1476.4851671169138,1492.9028775308734,5307397
2020-04-13,1500.408447265625,1524.0755408632497,1489.1079431154078,1501.9009666816914,2990438
2020-04-15,1479.8543701171875,1545.3972745427877,1473.5858092791832,1522.3698317101966,4761399
2020-04-16,1463.564208984375,1505.2267909855013,1428.5966201256836,1458.3616307687257,6245533
2020-04-17,1540.4501953125,1579.4689077146468,1495.0776577259724,1535.1624551664293,9895823
2020-04-20,1551.068603515625,1560.7486357074638,1537.2947627665046,1560.7486357074638,3244282
2020-04-21,1481.9864501953125,1530.5572525952164,1473.50034912997,1505.3123746692006,5122541
2020-04-22,1509.150146484375,1526.633943038729,1466.2082572326076,1481.9863175377566,3829836
2020-04-23,1601.8995361328125,1620.449417624035,1501.7727986639625,1518.1052438793593,5934366
2020-04-24,1550.9830322265625,1579.4687381033748,1541.8147018816376,1569.8739737889184,2987102
2020-04-27,1566.3775634765625,1599.1277200042246,1556.4843141374452,1562.710293037946,3374741
2020-04-28,1585.524658203125,1593.157786897894,1562.9662319987297,1590.5991823150816,2678505
2020-04-29,1625.26806640625,1631.1528769401505,1577.848622303141,1598.274771036094,4241510
2020-04-30,1718.06005859375,1733.0279350110475,1656.4403399399368,1688.6787949418672,5915544
2020-05-04,1646.419189453125,1676.7386921893083,1632.0910677741979,1676.7386921893083,3729348
2020-05-05,1648.381103515625,1686.1205234253737,1643.477111097974,1667.442688003994,2905528
2020-05-06,1623.5196533203125,1666.248323228811,1614.9909725357868,1654.3935402262186,3517431
2020-05-07,1613.327880859375,1649.830571233355,1606.2490343422683,1628.9779888834805,3166754
2020-05-08,1614.8204345703125,1654.137632019067,1608.7224070100362,1653.7964639669779,2686530
2020-05-11,1650.5557861328125,1664.286942640589,1628.1253119564062,1628.1253119564062,2449841
2020-05-12,1662.66650390625,1668.6365811195578,1629.1914281030593,1648.9353471376187,3256595
2020-05-13,1662.794189453125,1700.6188660787916,1642.3253565615048,1700.6188660787916,2656665
2020-05-14,1622.45361328125,1640.1506264006246,1612.8588471321916,1628.978075084585,2263146
2020-05-15,1614.3939208984375,1635.2891877122543,1590.7694139124062,1634.095151643777,3173682
2020-05-18,1659.340087890625,1665.6086473518733,1596.6542850584005,1626.4194013748595,3727694
2020-05-19,1661.94140625,1677.1223956202803,1623.007957544727,1623.007957544727,3198693
2020-05-20,1666.1629638671875,1674.0946781962332,1647.485133173852,1663.0926597788,2778505
2020-05-21,1698.23095703125,1704.0305018848192,1655.5449701381501,1659.6813596936227,3400908
2020-05-22,1723.091796875,1733.027729631127,1672.6873202455945,1686.205256861936,3663418
2020-05-26,1657.123046875,1726.205376672671,1641.7714180310732,1718.5295622507076,4575317
2020-05-27,1710.256591796875,1714.2650305726681,1655.6303435816876,1670.7687536775409,3482160
2020-05-28,1709.40380859375,1717.6765886528392,1681.259157439061,1695.9284491242158,3475681
2020-05-29,1682.1544189453125,1707.9963646757335,1673.6684227786902,1690.3846171413618,7237735
2020-06-01,1744.3282470703125,1756.9080498544647,1689.6167449870957,1697.2072908788275,3747773
2020-06-02,1745.948974609375,1774.818539350599,1739.8936318420235,1757.078840994254,2443886
2020-06-03,1750.2257080078125,1765.280288250353,1727.8576292020414,1755.1014085219333,3699799
2020-06-04,1789.059814453125,1796.2876922101805,1750.7389685862793,1750.7389685862793,4048593
2020-06-05,1752.02197265625,1794.5768820372575,1745.2217826722788,1789.1025651671957,3573289
2020-06-08,1772.123291015625,1792.0107612780182,1763.8690051706217,1777.6832289384445,2957841
2020-06-09,1772.380126953125,1792.438632517968,1762.2866583847024,1764.724561102675,2909439
2020-06-10,1803.7723388671875,1823.6598110088175,1773.620364975039,1776.6569885092654,5168397
2020-06-11,1768.6162109375,1800.5645538944307,1763.6123919894196,1796.2876784695034,2269513
2020-06-12,1744.5374755859375,1752.834572095224,1720.1592858069725,1720.330319056604,2842642
2020-06-15,1736.325927734375,1761.2173221373507,1711.5627560630367,1744.1953368488598,2399022
2020-06-16,1749.9266357421875,1774.0053642245175,1737.2670409448092,1766.3497979079425,2146528
2020-06-17,1751.637451171875,1761.089389302113,1733.460727395204,1750.0977339797175,2703527
2020-06-18,1743.340087890625,1761.3884828335194,1732.3057274739642,1749.242197361482,1944389
2020-06-19,1748.9000244140625,1787.7340774093918,1738.1223183233894,1746.6760698899416,5681758
2020-06-22,1734.6580810546875,1755.4437400130719,1727.1308420050711,1753.5191458286258,3196138
2020-06-23,1740.9453125,1748.3870355129657,1719.3042766052158,1733.8456560590907,4205944
2020-06-24,1746.84716796875,1765.7082326391708,1737.780211854973,1739.8331331902984,2560937
2020-06-25,1724.5216064453125,1762.072591784482,1718.6623082732867,1740.6882156705926,3043931
2020-06-26,1812.411865234375,1823.6599658248078,1727.8151308264182,1732.1348174461707,6300722
2020-06-29,1797.698974609375,1819.89612526333,1788.8459677257608,1803.1306899643346,3076341
2020-06-30,1781.0189208984375,1806.4663264080436,1774.945883874205,1796.2874477369137,3071725
2020-07-01,1789.4873046875,1808.2199335937678,1778.7523067061095,1778.9233399391949,2503466
2020-07-02,1845.1724853515625,1851.8872640449197,1794.5771270051923,1797.998627723982,3758699
2020-07-03,1881.52587890625,1886.102219524902,1847.8241812828435,1850.7323732813536,4185208
2020-07-06,1935.88525390625,1941.616226403315,1886.102455354422,1886.102455354422,5190366
2020-07-07,1941.6160888671875,1969.6724372790977,1909.3256749687353,1945.978585933223,5630055
2020-07-08,1897.99169921875,1945.4650166024567,1888.3261277898566,1941.7014497480034,2793358
2020-07-09,1885.546142578125,1919.8893685337653,1874.1696122390308,1906.6310547835878,3443998
2020-07-10,1900.94287109375,1924.4656855279877,1861.2961530509585,1886.315873858284,9610320
2020-07-13,1898.932861328125,1920.274429872632,1890.379109700521,1898.932861328125,2963503
2020-07-14,1857.8321533203125,1915.1851031557253,1851.8873373524543,1890.3792219625516,2976738
2020-07-15,1910.8226318359375,1933.1480087439922,1865.6589870157109,1868.9948668608952,5569321
2020-07-16,1915.8380126953125,2000.067159019203,1903.2787377014963,1923.7679832143556,8582118
2020-07-17,1886.689453125,1923.6815992821405,1877.516450728122,1917.7663553973077,4509135
2020-07-20,1892.819091796875,1909.1076756706116,1878.1594918906717,1886.9038476891508,2952646
2020-07-21,1907.52197265625,1919.181044963241,1887.0325213773183,1911.765535909535,2665286
2020-07-22,1878.288330078125,1912.62299814879,1872.5015953235286,1912.62299814879,2861534
2020-07-23,1861.3568115234375,1878.2883691203076,1854.3270421280895,1878.2883691203076,2265766
2020-07-24,1849.5257568359375,1854.3266863459364,1821.8353315951642,1847.0396882719926,3665100
2020-07-27,1891.8760986328125,1898.9058663003746,1854.7552332915848,1856.041174058831,4248480
2020-07-28,1980.134765625,1988.9220288992315,1898.9061612119817,1898.9061612119817,8092319
2020-07-29,1951.243896484375,2007.7823894598785,1925.5250785152048,1964.917692844595,6090431
2020-07-30,1954.2012939453125,2021.4988598916634,1947.9859136509042,1959.687890760965,7098496
2020-07-31,1955.830810546875,2001.6104442159046,1935.2986572996847,1974.4769585044041,4723290
2020-08-03,1932.468994140625,1975.0766691423087,1912.365493700551,1963.5888051049292,4012337
2020-08-04,1928.6539306640625,1945.756901095364,1907.5217210016162,1937.441192618266,2927928
2020-08-05,1937.055908203125,1971.7763172680627,1931.4834968717153,1937.484555228618,3800641
2020-08-06,1978.720458984375,1988.4935273278613,1942.0711387458468,1950.3439425181652,4748047
2020-08-07,1967.7896728515625,1995.7802354752102,1960.6311849363426,1978.6343571635675,3165491
2020-08-10,1957.03076171875,1993.2085262272028,1951.244027287768,1987.207468298777,2929353
2020-08-11,1954.544921875,1982.0641488380859,1950.8587243325694,1957.2026175594076,2774423
2020-08-12,1935.21240234375,1968.689560547439,1925.9535866820563,1961.7885123299432,3415751
2020-08-13,1932.7265625,1971.7763490111302,1929.3402928041514,1948.629409261869,2695682
2020-08-14,1922.1812744140625,1955.7444533898167,1914.4229327040664,1952.058048066137,2270405
2020-08-17,1931.8260498046875,1946.0572127013804,1918.83813054135,1940.0561552172792,2625630
2020-08-18,1945.8428955078125,1962.3458036424202,1927.453982589305,1939.8847445608276,3493374
2020-08-19,1934.5694580078125,1958.5736867058783,1931.0544693712043,1951.5010121787698,2843005
2020-08-20,1931.3546142578125,1951.672437490306,1920.3812106600128,1934.9123001636165,2895164
2020-08-21,1927.711181640625,1946.9144816230064,1921.2385707201329,1937.484248554819,1975294
2020-08-24,1927.28271484375,1937.441523109407,1911.7656098063708,1929.4259498323222,2167966
2020-08-25,1922.6099853515625,1928.9111789228136,1914.8087368302963,1924.6247096363186,1663419
2020-08-26,1931.9117431640625,1937.3983402321762,1900.148963303465,1922.0528636227327,2618149
2020-08-27,1927.539794921875,1960.9315645116892,1921.838873396945,1942.6282534258849,3579393
2020-08-28,1919.0950927734375,1954.586972649334,1916.137471000487,1944.6851873222863,2941136
2020-08-31,1935.126953125,1951.372633166244,1910.0511026968657,1920.3386310776389,6018154
2020-09-01,1925.7822265625,1952.915494644633,1921.4528505286294,1945.1998495823848,3610908
2020-09-02,1941.899658203125,1944.9860007012246,1921.7532467358064,1926.3398539176426,2084137
2020-09-03,1971.34716796875,1992.3508668664383,1944.3424122431506,1944.3424122431506,4654146
2020-09-04,1962.173828125,1992.5648473987792,1940.0127026472462,1950.343133411734,5231303
2020-09-07,1994.9658203125,2009.068263167232,1957.5021185837304,1962.345745419157,4620401
2020-09-08,2013.097900390625,2049.318574975452,1994.9662144665103,2002.5960479962075,7453998
2020-09-09,1995.4810791015625,2022.3573402772838,1988.9228611459512,1993.2093328294552,3866535
2020-09-10,1998.4808349609375,2013.3549696598066,1992.6084966100218,2001.78150059853,2308813
2020-09-11,2035.3018798828125,2042.9317131779167,1997.6236390920992,1998.309516189484,4145424
2020-09-14,2135.861572265625,2148.163821339894,2041.9452090751474,2043.8741200191819,7512131
2020-09-15,2135.861572265625,2175.8115448710573,2112.886267127976,2135.861572265625,7318770
2020-09-16,2145.806640625,2149.75027630151,2123.774229163415,2133.7616194198476,3074003
2020-09-17,2109.7578125,2139.5916881769745,2100.884944401881,2126.089306492596,4828176
2020-09-18,2100.284423828125,2143.5777695284337,2088.710955175567,2130.3755260448897,4183256
2020-09-21,2113.487060546875,2147.4357793020663,2102.213518224011,2113.229830472152,4598809
2020-09-22,2162.909912109375,2190.3862273893283,2107.228707210555,2130.375645817018,7499613
2020-09-23,2115.330078125,2160.25241014795,2065.2212847449828,2151.8079803694095,7502280
2020-09-24,1999.423583984375,2100.3699349391013,1974.0049050224598,2100.3699349391013,8424708
2020-09-25,2076.623046875,2091.797106979511,2016.4410572145775,2030.0719464456893,8228267
2020-09-28,2080.052490234375,2095.226552292309,2028.3576197723414,2091.797376265644,4347166
2020-09-29,2133.29052734375,2152.708364039755,2080.052689997132,2087.382596318132,6995811
2020-09-30,2136.6337890625,2147.521380548939,2108.943152155844,2133.8046771202826,3917166
2020-10-01,2163.33837890625,2177.526635656113,2136.6337560512884,2151.8078171247416,2610337
2020-10-05,2319.666015625,2338.7837126018267,2231.5790621161123,2246.1101527327046,17412105
2020-10-06,2326.952880859375,2345.5561166791226,2271.91465419209,2345.5561166791226,9846367
2020-10-07,2345.513671875,2374.7045768548846,2317.2658740934125,2350.700342865016,9656101
2020-10-08,2422.455322265625,2473.292892204616,2400.4229109784833,2400.4229109784833,19839329
2020-10-09,2411.525390625,2426.013786458482,2383.2775919616333,2408.996414896471,7739245
2020-10-12,2426.141845703125,2446.716900224989,2401.0659980046034,2413.7110835961653,4623203
2020-10-13,2423.18408203125,2447.48823818637,2410.8818310130396,2439.0011124116168,4209878
2020-10-14,2418.92236328125,2446.817026444454,2399.9383960375526,2446.817026444454,4395936
2020-10-15,2359.51708984375,2434.5487167250844,2347.8080984914877,2420.1278198971663,6629355
2020-10-16,2379.060302734375,2386.249100433378,2351.5099360198424,2367.695818503154,5273773
2020-10-19,2334.506591796875,2388.2728214599206,2330.244935758179,2388.2728214599206,3331194
2020-10-20,2358.1396484375,2376.133401035261,2340.0166273556647,2346.086360712737,3406273
2020-10-21,2303.383544921875,2366.7494939516014,2292.7509477743733,2358.1400014308606,4570143
2020-10-22,2299.7236328125,2313.068341126068,2271.2694390463653,2290.9850853164644,5262294
2020-10-23,2313.19775390625,2326.2841363207517,2298.8199480259896,2314.058702883423,3499091
2020-10-26,2314.403564453125,2333.129209286543,2299.1648058686023,2315.9102255316757,2672752
2020-10-27,2264.424560546875,2340.188060243434,2259.2159880968106,2324.3466852930087,3537502
2020-10-28,2257.580810546875,2286.6378442493988,2243.633476408196,2281.51523886482,3569445
2020-10-29,2266.57763671875,2285.8199337978403,2238.6829690613313,2245.355324800289,3105968
2020-10-30,2294.300537109375,2302.4795544288513,2257.064484575969,2269.548247853065,3427003
2020-11-02,2242.427734375,2294.2999089624423,2238.5103745875494,2290.124222449726,2571196
2020-11-03,2267.396484375,2294.430212178738,2239.372538619224,2241.912297378399,2879269
2020-11-04,2284.226806640625,2343.374172424832,2247.07694053225,2247.07694053225,4893928
2020-11-05,2312.2509765625,2333.1720819186035,2296.151270286685,2311.6483542256274,2816502
2020-11-06,2330.976318359375,2335.9698645772232,2308.4625861796503,2323.7013413780246,3884421
2020-11-09,2347.464111328125,2362.4445429387883,2320.3442122382667,2351.3383826266763,3646592
2020-11-10,2281.171142578125,2335.884297479438,2271.4854638310926,2322.1521994277373,4760020
2020-11-11,2314.05908203125,2318.3638276224265,2275.8328150660113,2296.969157957218,3242441
2020-11-12,2299.63818359375,2335.754957054083,2291.6313147580927,2312.5093308688784,2437505
2020-11-13,2287.412841796875,2294.343314326126,2269.4619678752724,2286.4657136512724,2548093
2020-11-14,2299.03564453125,2315.092262085982,2290.167826256389,2305.578731949253,298819
2020-11-17,2295.3330078125,2320.2574380678784,2281.5578245067168,2320.2574380678784,2827273
2020-11-18,2261.411865234375,2293.7405459178117,2244.5373890213323,2290.985550841463,2893762
2020-11-19,2270.236572265625,2304.0288240618443,2265.0279984231297,2270.3227512517196,4167501
2020-11-20,2290.33984375,2303.8997920778124,2262.1868502126913,2285.8198609740625,2711471
2020-11-23,2345.440185546875,2350.3906420273356,2294.4289600743036,2315.952683902393,3706418
2020-11-24,2343.546630859375,2361.5834731674927,2328.867406094811,2354.179226542401,3120516
2020-11-25,2325.681640625,2352.9305931581944,2314.403124333279,2349.5298865518403,3302249
2020-11-26,2342.298583984375,2351.209282493494,2307.3439607996643,2312.50965623429,2341099
2020-11-27,2307.042236328125,2339.8013925388123,2297.916301728217,2328.8673807012233,6086808
2020-12-01,2347.63623046875,2355.4707417723644,2259.5179991546897,2306.482818250165,3605017
2020-12-02,2367.222412109375,2371.6562154705816,2326.671629325139,2340.9203775972933,2509032
2020-12-03,2332.697998046875,2388.1861136357334,2325.2508740017015,2388.1861136357334,2852548
2020-12-04,2348.28125,2358.0100147566986,2323.7011164921014,2333.8603557053566,2686527
2020-12-07,2357.020751953125,2362.444774340915,2329.857760705237,2337.47724574912,1996400
2020-12-08,2408.333251953125,2415.4360828907415,2352.5006119603636,2359.000820493324,4277818
2020-12-09,2419.9560546875,2445.0957293023553,2404.7601751838006,2423.5719992908907,3659996
2020-12-10,2397.14111328125,2434.16193218131,2393.6542266718916,2426.155061869037,2127801
2020-12-11,2396.53759765625,2417.2863413773157,2380.13647800827,2404.3721070391607,1795408
2020-12-14,2408.677001953125,2414.1010227517563,2372.9907075461942,2412.3791247326753,2483658
2020-12-15,2377.554931640625,2406.0953210622233,2371.9156708564856,2398.6051030875383,2365509
2020-12-16,2422.882568359375,2427.7039667062795,2376.606560858527,2392.5772064159487,2565149
2020-12-17,2443.545166015625,2456.8898741844782,2414.9617041053766,2420.127397590094,2863460
2020-12-18,2463.17529296875,2495.030408606584,2450.4332046750874,2469.2019364677994,6076692
2020-12-21,2428.005615234375,2485.1296743302546,2397.743337263038,2463.1754714217423,2705195
2020-12-22,2473.076416015625,2482.6759148936776,2426.714220536492,2439.929873973292,2881737
2020-12-23,2504.285400390625,2513.110127628787,2467.0062667021075,2476.132410166916,2790988
2020-12-24,2504.8017578125,2515.133144577525,2482.2878180381554,2504.5003416214795,1807144
2020-12-28,2522.064208984375,2539.541517749589,2498.474287725912,2505.3618805246047,2108994
2020-12-29,2523.01123046875,2541.5216353331343,2513.971265302423,2513.971265302423,1994151
2020-12-30,2504.759521484375,2537.8198863162256,2498.4745503563845,2526.369220046216,2637968
2020-12-31,2464.68212890625,2501.057229752041,2449.4002818053555,2496.7524840898177,4040956
2021-01-01,2521.074462890625,2531.1906158621828,2478.672715328988,2479.533664518057,2681440
2021-01-04,2616.8115234375,2626.540289649769,2532.008042807982,2539.799673675922,5113293
2021-01-05,2662.916015625,2681.2111870870212,2616.9414100045724,2616.9414100045724,5801309
2021-01-06,2627.185791015625,2680.564627339718,2614.874178663641,2668.941816204633,3726716
2021-01-07,2611.086669921875,2652.4553193429574,2583.0627325596793,2647.418682650117,3717827
2021-01-08,2686.93603515625,2693.0488580094852,2634.5043176179747,2660.3327913201115,5879039
2021-01-11,2734.76123046875,2780.8650884473204,2709.0189411264223,2780.8650884473204,9508039
2021-01-12,2733.384521484375,2763.6468003456735,2711.9898508065016,2734.7619140231536,3611458
2021-01-13,2719.6943359375,2735.234504765764,2691.5413504954263,2733.512607060529,3572801
2021-01-14,2804.012939453125,2817.641863076815,2691.617754288858,2721.463363847344,6931542
2021-01-15,2789.046630859375,2824.1107191122305,2768.9051338882896,2790.4698156163918,4131692
2021-01-18,2779.04150390625,2809.232068859061,2749.4115366369238,2803.409602761019,4160906
2021-01-19,2812.63916015625,2828.4245543162547,2787.8829397835116,2788.7455273267615,2975735
2021-01-20,2854.129638671875,2870.648105502872,2818.1597810756234,2820.6612006556556,3453446
2021-01-21,2823.981689453125,2854.4308545355875,2813.8462880568213,2850.8512012581946,2778546
2021-01-22,2849.212890625,2868.103472870908,2796.4223664998394,2796.4223664998394,3052459
2021-01-25,2839.033935546875,2880.869424208278,2828.1220786435315,2854.258518832995,2272887
2021-01-27,2812.940673828125,2852.1020574249364,2783.5695308342033,2846.5384108313824,2786662
2021-01-28,2757.3037109375,2824.9736482714634,2746.3057219251455,2786.157216463153,3083938
2021-01-29,2683.811279296875,2774.8142462015344,2674.0208284781415,2768.948610007639,5445659
2021-02-01,2707.9638671875,2730.089149995435,2625.8024164648887,2674.020968399952,3985846
2021-02-02,2763.255615234375,2780.981828748928,2717.150359974914,2737.852457955675,2881837
2021-02-03,2760.323486328125,2791.3334683715048,2728.062583792948,2771.4939536086663,2505866
2021-02-04,2750.316650390625,2792.928592710051,2739.5774797814165,2774.124145975899,2057261
2021-02-05,2724.008056640625,2765.3261227769435,2699.0361915221556,2759.3741428830053,2366135
2021-02-08,2772.4423828125,2782.707089139848,2721.5926846096877,2751.2226474927297,2526592
2021-02-09,2740.354248046875,2799.7866553978947,2729.2269531135325,2755.9671666238105,2658751
2021-02-10,2771.751953125,2777.0136095650437,2723.447061886596,2747.3406891842124,2127983
2021-02-11,2765.455322265625,2776.927777293114,2747.3841575839447,2773.2186091965013,1165882
2021-02-12,2752.34375,2799.5272357807867,2744.7529392249153,2746.650589270533,2777404
2021-02-15,2708.3955078125,2768.043350559288,2701.2359892808677,2768.043350559288,2630853
2021-02-16,2681.612060546875,2732.3752085365327,2674.0212484327935,2717.1506234075164,3435770
2021-02-17,2650.8173828125,2702.356979177696,2627.053058185839,2678.4201791921864,3678426
2021-02-18,2637.231689453125,2672.209440285452,2614.5024270724384,2643.8303988706775,4189909
2021-02-19,2649.739501953125,2662.9369222580963,2601.6932096230908,2637.792580814729,3725028
2021-02-22,2551.921875,2670.570824384041,2538.7242445051543,2670.570824384041,5366696
2021-02-23,2570.683349609375,2611.9150762204226,2560.1598237193575,2561.8849988027264,3832829
2021-02-24,2542.994140625,2590.6520971446007,2519.7472404187038,2563.6098964027583,3774549
2021-02-25,2583.70849609375,2613.5538985691696,2560.547936448802,2565.335339405835,4224073
2021-02-26,2496.5869140625,2563.9119070690585,2484.25187133284,2553.2588677587523,5553153
2021-03-01,2522.377685546875,2557.5712887380805,2503.0558146851845,2523.9303847715423,3265871
2021-03-02,2593.239501953125,2609.3266714092324,2542.9074470460882,2553.258494998786,3306469
2021-03-03,2638.740966796875,2642.9675604469694,2585.0878667758557,2617.952528053705,3509857
2021-03-04,2630.63330078125,2658.020456448059,2601.6073129494007,2607.602254512263,3916760
2021-03-05,2594.706298828125,2642.2779138838096,2584.8297143482514,2601.6501701271904,3203686
2021-03-08,2593.757080078125,2616.227523444832,2584.311790385993,2601.563537985365,2003125
2021-03-09,2631.711181640625,2645.469409575345,2580.9480357307766,2593.7573332178704,1942397
2021-03-10,2648.962890625,2668.155461410439,2639.517600154739,2652.456411920203,3053778
2021-03-12,2637.748779296875,2688.684601236707,2623.429956540941,2652.4559348100333,2938317
2021-03-15,2644.822509765625,2673.1585926371235,2623.128518944657,2623.128518944657,3097083
2021-03-16,2682.690673828125,2709.387718589675,2639.518121262148,2639.518121262148,4894756
2021-03-17,2685.19140625,2721.463248559308,2661.340948863385,2678.3338785345964,3838390
2021-03-18,2619.246826171875,2714.0882754209074,2576.591918330186,2696.4052324647,3656306
2021-03-19,2631.06396484375,2673.158270794075,2592.075057675442,2613.639742015504,5776626
2021-03-22,2699.596923828125,2708.050323567808,2603.8497099558917,2629.7705068209143,2821646
2021-03-23,2710.767578125,2733.539804025609,2693.7314748970084,2708.5247663743808,3305973
2021-03-24,2692.22119140625,2719.133871899528,2683.638279663349,2683.6814511450275,2207104
2021-03-25,2643.70068359375,2700.631443519209,2630.8911783734834,2684.5440645483513,3179786
2021-03-26,2645.38330078125,2689.5477372213268,2624.8968483248655,2665.9558856292324,3697370
2021-03-30,2724.525634765625,2750.3169153067583,2640.2938438418096,2659.357110741005,4694008
2021-03-31,2741.173583984375,2764.5927487735926,2701.6238655721972,2721.4633767178425,3530069
2021-04-01,2730.090087890625,2773.2194731653585,2712.838333780732,2752.6037112411163,4285076
2021-04-05,2793.83447265625,2814.6229149226165,2718.0131182718865,2735.264867673802,5317862
2021-04-06,2816.0888671875,2824.973558972409,2786.157128391109,2824.973558972409,2291562
2021-04-07,2821.867919921875,2827.1729580050037,2790.2973520938363,2811.1719219764927,2491268
2021-04-08,2861.5048828125,2876.7294687775106,2817.2540995400586,2820.6612782316224,2578118
2021-04-09,2865.7314453125,2893.420589492233,2853.4395729080443,2893.1185996171644,2911129
2021-04-12,2800.43310546875,2879.403022361947,2771.665732059278,2865.7309281284092,3791828
2021-04-13,2677.514404296875,2772.355844796707,2650.7741954640505,2772.355844796707,8654596
2021-04-15,2776.62548828125,2792.4108787917376,2663.1952525684956,2726.034824803063,6062760
2021-04-16,2756.095703125,2800.8209384737943,2745.270401079263,2785.2943672103115,3224657
2021-04-19,2727.329345703125,2750.791684841314,2704.2983003380377,2733.539933917254,2679106
2021-04-20,2712.449462890625,2782.1465723791703,2696.750413101551,2781.8445825285053,3141893
2021-04-22,2690.23828125,2715.425797353421,2678.5501770113437,2715.425797353421,1988980
2021-04-23,2682.21533203125,2690.40991175606,2666.3006377368515,2678.333689003708,1615309
2021-04-26,2674.7109375,2719.737955733293,2663.712948620964,2675.789171703827,2490260
2021-04-27,2701.6240234375,2705.160716389788,2676.6089861834494,2679.196748658006,1471417
2021-04-28,2694.8095703125,2718.013088769156,2684.372177800576,2717.1073298168585,1639037
2021-04-29,2687.175048828125,2723.490057888426,2678.7648227704813,2713.3546572548553,1621395
2021-04-30,2618.513427734375,2701.6669817097545,2605.014018794562,2673.1584252464727,3072305
2021-05-03,2619.67822265625,2635.2047975682726,2591.212835317542,2609.2408297283305,1545831
2021-05-04,2630.676513671875,2665.3956643154665,2617.9533466658386,2641.9333238872764,1990777
2021-05-05,2670.311767578125,2673.503298834241,2632.961691102309,2648.14331355387,1939289
2021-05-06,2683.8974609375,2703.3488484717996,2651.5936056803803,2678.7651081458753,1791671
2021-05-07,2702.39990234375,2725.6468005693077,2684.1994350905716,2702.4862453182805,1912540
2021-05-10,2713.268798828125,2729.3991418750993,2695.585756267013,2713.6569210585,2137153
2021-05-11,2693.515625,2698.25985592109,2666.387081531657,2695.585750619421,2415625
2021-05-12,2663.324951171875,2691.272698807051,2648.6609653129904,2691.272698807051,1978558
2021-05-14,2632.18603515625,2672.727651952037,2622.266277855153,2672.727651952037,2043935
2021-05-17,2647.927490234375,2652.628549124657,2618.8151674734304,2635.2043269536657,2890462
2021-05-18,2664.35986328125,2694.722896047772,2655.043877732088,2674.020799535241,2098538
2021-05-19,2658.49462890625,2689.5477783678416,2645.6421596161504,2660.2198038763386,1986041
2021-05-20,2639.517333984375,2664.3598921874577,2632.7029780454495,2645.6417885061574,2329027
2021-05-21,2657.200927734375,2663.8428097007495,2635.291288366683,2640.3804706362353,1685566
2021-05-24,2658.0634765625,2678.334283539368,2649.8688950186597,2658.0634765625,1652260
2021-05-25,2699.236572265625,2711.5885700674185,2671.5855179759806,2680.166821273382,1841613
2021-05-26,2737.8095703125,2743.4438151144727,2690.395275611222,2704.437504946968,1923753
2021-05-27,2756.44580078125,2789.167759579833,2740.669958334037,2740.7998947132687,5959785
2021-05-28,2724.893798828125,2772.0480016365095,2718.0025158298026,2764.680144221278,1763701
2021-05-31,2738.373046875,2748.081453855223,2711.89226428172,2730.4418480607005,1652799
2021-06-01,2733.042236328125,2747.7345713920113,2714.8392908911155,2746.56450901616,1377441
2021-06-02,2712.62841796875,2738.6326212021613,2700.1031024025397,2731.1782099155653,2240078
2021-06-03,2722.85693359375,2734.3855066677797,2706.7342420318428,2734.3855066677797,1281706
2021-06-04,2725.02392578125,2736.379179711541,2708.7712979932903,2711.3717184393636,1836060
2021-06-07,2759.218994140625,2765.5033425995257,2716.2255095885403,2726.1070211368938,2559821
2021-06-08,2773.91162109375,2800.6526947971643,2762.6865156629224,2772.0480711734235,2574057
2021-06-09,2773.998291015625,2791.1177242622643,2761.8196139004294,2775.515202822289,1710925
2021-06-10,2788.34423828125,2794.5852050996004,2767.714193512104,2782.449909543957,1874324
2021-06-11,2837.752197265625,2868.2637548720177,2783.316686882457,2783.7934729559292,3452954
2021-06-14,2839.96240234375,2868.003473953107,2834.7615618028526,2842.2593556002153,1847360
2021-06-15,2828.174072265625,2858.7290139704332,2818.4658777931895,2858.7290139704332,1304985
2021-06-16,2838.229248046875,2855.8686414284375,2819.722836145472,2827.610863557855,1635552
2021-06-17,2875.848388671875,2891.7109961422934,2825.7902937443487,2830.557731356494,2273413
2021-06-18,2858.122314453125,2910.7374487634556,2838.792479065014,2904.5830353811075,3380431
2021-06-21,2837.145263671875,2848.3269861198405,2818.5954722116307,2830.124044333925,1130569
2021-06-22,2861.5029296875,2883.9099729657505,2847.460700066523,2863.930031360667,1708688
2021-06-23,2827.00341796875,2885.5996382580515,2822.6693842675513,2885.5996382580515,1467104
2021-06-24,2924.259765625,2932.407665621721,2841.8263469526496,2846.5937847773375,4155204
2021-06-25,2930.5009765625,2946.840160583379,2903.8032801990967,2925.6901556692537,2722861
2021-06-28,2892.31787109375,2939.775548007628,2889.067345277731,2939.775548007628,1355238
2021-06-29,2895.871826171875,2917.9320187641097,2883.4330628958146,2896.8685694266683,1497322
2021-06-30,2900.119140625,2931.5408902618997,2893.83479069762,2900.335842346634,1693146
2021-07-01,2896.435546875,2914.2050901073617,2888.5043475935777,2910.737862159584,990310
2021-07-02,2882.5224609375,2894.874457109893,2856.3015567820694,2887.3332807186644,1682274
2021-07-05,2878.665283203125,2924.6060420136537,2862.1959545729355,2896.8682253733346,1972858
2021-07-06,2827.783935546875,2884.7331013836533,2822.409775579186,2871.730999063715,2159420
2021-07-07,2838.7490234375,2845.4667764595783,2809.841142245182,2838.792406104131,2640710
2021-07-08,2824.489990234375,2858.7288592275495,2801.4328444405023,2858.7288592275495,2485811
2021-07-09,2780.845947265625,2844.859709410131,2774.648363748272,2817.121893840014,6365067
2021-07-12,2767.801025390625,2804.9869544453836,2763.6836928709663,2804.1201475991397,1892226
2021-07-13,2762.98974609375,2785.916741043818,2752.1112796559187,2785.916741043818,1809339
2021-07-14,2786.393798828125,2792.851467065225,2760.779615953675,2762.5132295272724,2044279
2021-07-15,2782.39794921875,2807.503464302064,2774.623139694448,2803.8114955031597,2232968
2021-07-16,2775.318115234375,2797.0790558997232,2772.8857169254143,2791.128386115713,1256526
2021-07-19,2766.457275390625,2779.66144992292,2758.9863835986816,2762.461177532685,1597058
2021-07-20,2784.87353515625,2792.8655184842964,2741.7425298362173,2766.4571704217306,1811945
2021-07-22,2794.03857421875,2801.509254252244,2771.1482833453642,2771.1482833453642,2859334
2021-07-23,2790.997802734375,2815.9294049643454,2785.611702864252,2805.8958957992936,1776193
2021-07-26,2777.70654296875,2800.900747260953,2771.8863062489186,2779.8348115794524,1259611
2021-07-27,2765.0234375,2788.5217708519735,2746.0857705956814,2779.8347871421543,1121367
2021-07-28,2777.923828125,2783.700587738903,2721.1108246514436,2769.410541258795,1660654
2021-07-29,2776.18603515625,2801.94285459827,2771.408194565454,2780.0517001264398,1731997
2021-07-30,2751.559326171875,2800.2499249067837,2747.1290905819374,2796.3407812238056,2999943
2021-08-02,2796.687744140625,2801.4655856823283,2751.168029558959,2762.461109566621,2608669
2021-08-03,2853.58740234375,2858.017849193048,2796.296783011644,2805.027244694332,3804735
2021-08-04,2844.075439453125,2871.22226784343,2832.9995334698806,2866.7050780162026,2929598
2021-08-05,2852.762451171875,2879.735582529227,2834.128910407723,2844.9876418652243,2534521
2021-08-06,2875.218017578125,2887.553492487723,2836.300286694469,2842.8590020561132,2292362
2021-08-09,2886.42431640625,2898.846746739973,2875.391888435514,2887.466712136198,1510489
2021-08-10,2896.15380859375,2910.0529844223115,2880.2567959075063,2880.2567959075063,2040777
2021-08-11,2905.101318359375,2918.8267963065427,2890.246702093207,2910.1398117937256,1929707
2021-08-12,2911.659912109375,2925.7762613513464,2889.2909279259434,2889.2909279259434,1310205
2021-08-13,3008.650390625,3023.0708709928867,2916.6553015398326,2919.4785717498116,4363584
2021-08-16,3016.9462890625,3035.536563448586,2985.28227245685,3005.6966863671473,2083489
2021-08-17,3086.529052734375,3093.261465683802,3008.302715337347,3024.8949404723467,4336019
2021-08-18,3093.04443359375,3122.9710539890493,3072.2391472921595,3104.5981658626997,2631309
2021-08-20,3092.132568359375,3105.5973962311464,3040.44500330322,3045.657194737454,2836148
2021-08-23,3159.80419921875,3190.729954177487,3094.2174549932124,3109.9409844692086,3744176
2021-08-24,3138.78173828125,3185.821894709705,3122.4501621886025,3176.8307793682116,2511141
2021-08-25,3178.56787109375,3212.229938599867,3133.4390255895655,3136.001643795692,2123263
2021-08-26,3189.73095703125,3203.412959628608,3168.925456429799,3179.4367940527254,1902533
2021-08-27,3231.6884765625,3239.8108919607075,3171.7050178376517,3184.6485399994513,3944728
2021-08-30,3215.314208984375,3249.2369321363003,3203.413080439212,3227.215337529538,2033114
2021-08-31,3289.283203125,3304.6158580161027,3217.1812317850963,3222.349945144956,3207480
2021-09-01,3227.171630859375,3315.5617081836626,3220.2655198145953,3297.579690643702,2643336
2021-09-02,3332.978515625,3352.4372745391374,3233.295376335766,3243.719756915032,3403717
2021-09-03,3337.583251953125,3350.483297959247,3305.0070568599826,3322.771899500522,1746812
2021-09-06,3346.226806640625,3368.4655743015705,3313.216261819144,3344.2287575634564,1723693
2021-09-07,3314.8662109375,3361.819402883082,3308.2207528685676,3356.65068970896,1585039
2021-09-08,3278.5986328125,3314.085054335627,3262.8318385542893,3309.7415614728015,4147175
2021-09-09,3293.58349609375,3308.612022962336,3270.649939914643,3292.1067510211997,1441148
2021-09-13,3340.449951171875,3346.5741060930313,3272.38733704224,3272.38733704224,1691473
2021-09-14,3375.675537109375,3384.883826372717,3322.771881400139,3344.4458673337895,1991188
2021-09-15,3435.311767578125,3457.4201024494814,3358.388471374295,3372.3746023512094,2461369
2021-09-16,3390.79052734375,3458.93987481296,3381.0611476226836,3413.9847323450576,2946666
2021-09-17,3325.2470703125,3427.0149973780008,3305.3972281427864,3405.297538585998,6477148
2021-09-20,3321.468994140625,3362.7321763615428,3307.8739463058937,3308.8728648310816,2002008
2021-09-21,3355.738037109375,3363.208927282099,3319.860755099814,3351.4380229649373,1568129
2021-09-22,3355.0439453125,3385.187953993705,3346.6176119821243,3355.348074632068,1744067
2021-09-23,3361.211669921875,3369.6814802938434,3331.458746307525,3361.863193796642,2003869
2021-09-24,3362.9921875,3426.49391383993,3348.8323610402954,3379.2368053039554,2320754
2021-09-27,3333.152587890625,3391.3988633473587,3303.573362252145,3387.9240694299947,1673362
2021-09-28,3282.942138671875,3344.4895176156074,3258.705533235207,3344.4895176156074,2253075
2021-09-29,3294.017578125,3306.2663111425195,3233.425861046127,3266.132485042677,2489161
2021-09-30,3279.815185546875,3305.398318022396,3257.7068476238087,3305.398318022396,2252412
2021-10-01,3240.4189453125,3309.7411246713523,3235.9017557482384,3285.200393235141,1578374
2021-10-04,3277.85986328125,3286.8507648768555,3220.655986222067,3235.727988977081,1356860
2021-10-05,3329.982421875,3335.8026601411348,3250.3228018088666,3261.0945797317236,1877966
2021-10-06,3310.523193359375,3350.9611529611852,3296.710971356703,3332.32761162696,1678154
2021-10-07,3381.756103515625,3387.055248882462,3318.4715488271363,3327.115055968153,1647233
2021-10-08,3418.89306640625,3466.019958648897,3387.9240506234883,3409.6415124864593,2934339
2021-10-11,3201.675048828125,3264.1343817040797,3179.436283975231,3261.962635608468,11845402
2021-10-12,3173.22509765625,3220.2650321071796,3153.89655787627,3219.396333690102,5752877
2021-10-13,3175.266845703125,3192.857991053429,3166.4061630547076,3170.749655733795,3545655
2021-10-14,3143.28125,3194.2411894028182,3140.4525622982123,3155.0747443011487,6442299
2021-10-18,3174.3525390625,3179.1831087021405,3134.5768896042064,3136.3176201055894,3590107
2021-10-19,3163.037841796875,3211.7349483513485,3155.248115175907,3193.370156269083,3135441
2021-10-20,3141.01806640625,3159.426208492171,3114.4283625664993,3143.759632251714,2933693
2021-10-21,3074.565673828125,3139.7995159026163,3056.0704096897393,3136.883919403963,4871211
2021-10-22,3045.277587890625,3099.893008187751,3033.2229439917833,3098.5003387692245,2691670
2021-10-25,3040.142333984375,3058.942308854021,3002.7601880545794,3048.889547465273,2595594
2021-10-26,3031.134521484375,3071.5193896414444,3024.519659678101,3041.491784387086,3878763
2021-10-27,3037.357421875,3056.070276540897,3031.482455875242,3031.482455875242,2510813
2021-10-28,2978.085205078125,3061.944982824926,2972.297361099239,3061.944982824926,2424942
2021-10-29,2957.2841796875,3012.334793877842,2947.013824976602,2959.286062701825,3960501
2021-11-01,3025.73828125,3034.9642397600896,2970.5136374813837,2992.2727731263512,2020718
2021-11-02,3032.526611328125,3058.115477593055,3019.9498757574916,3041.056233416435,3087414
2021-11-03,3039.533203125,3063.5987185482923,3016.729674881842,3049.9340259076293,1537639
2021-11-04,3053.807373046875,3057.811138748893,3050.630624440296,3057.549986639362,328991
2021-11-08,3048.672119140625,3088.056149799711,3029.9157040300906,3088.056149799711,2526082
2021-11-09,3051.23974609375,3076.7414931890703,3042.7972447493607,3053.2416288846557,1782692
2021-11-10,3032.613525390625,3063.424368641989,3029.044943054569,3044.537486197328,1516489
2021-11-11,3036.008544921875,3055.0261139031104,2990.5755135530526,3028.871591142207,1284514
2021-11-12,3068.95166015625,3076.0014917098492,3033.832334714238,3051.500793099573,1747259
2021-11-15,3092.669189453125,3106.8561869215628,3070.64890396437,3070.64890396437,1809157
2021-11-16,3095.367431640625,3112.03505658905,3082.834254844541,3106.334120705863,2013204
2021-11-17,3065.33984375,3100.9814771812103,3051.8491799334315,3090.319500939084,1632914
2021-11-18,3025.128662109375,3064.425783307155,3004.152985656586,3059.4645310524397,2136598
2021-11-22,3010.071044921875,3060.1606067143043,2994.317561657031,3027.478349628783,3167936
2021-11-23,3015.163330078125,3029.6983897266873,2966.0312458584126,2998.4087961663104,2153461
2021-11-24,2996.928955078125,3040.229629838049,2980.130861868933,3022.082427881749,2161746
2021-11-25,2999.19140625,3014.074736407611,2988.87770595789,2997.450675821812,1849619
2021-11-26,3000.01904296875,3037.5752247190135,2969.599602458624,2981.0014741153645,1941251
2021-11-29,3048.01953125,3071.8241091591503,2964.8560774978537,3000.2799056225817,2981745
2021-11-30,3071.649658203125,3101.7643830180255,3038.4453065214807,3038.4453065214807,5588446
2021-12-01,3113.99267578125,3124.6110887936125,3076.7410024750475,3076.7410024750475,2102118
2021-12-02,3170.654052734375,3175.0930013018956,3110.7730827907844,3123.9154729273373,3152938
2021-12-03,3168.521240234375,3190.7155548684677,3160.165861043513,3173.743431912985,2486263
2021-12-06,3077.960205078125,3183.7967257927357,3065.4270279502502,3168.5217700801913,1849642
2021-12-07,3119.82470703125,3131.574639670369,3067.428753612896,3100.6766686563897,1484458
2021-12-08,3156.728515625,3173.7442034794462,3134.1861343953483,3134.1861343953483,1428660
2021-12-09,3134.838134765625,3163.560188891332,3103.7225761294426,3142.018648297052,1567957
2021-12-10,3165.3447265625,3169.8705838544292,3111.6432273189575,3120.259759230678,1510718
2021-12-13,3141.714111328125,3187.2778211020996,3134.7947494906152,3176.8334371989795,1883864
2021-12-14,3154.0302734375,3163.7783237110075,3113.0359768736716,3137.6673609293484,1747007
2021-12-15,3107.50927734375,3153.3339319320626,3096.8906491750763,3150.722835659417,1603233
2021-12-16,3117.301025390625,3140.6702105630893,3107.2047010293086,3117.649086578987,2072320
2021-12-17,3119.69384765625,3178.0083208796227,3110.424330014637,3135.4908923462717,4333992
2021-12-20,3095.80224609375,3138.5372672585236,3055.112668377628,3123.7410571799337,2312310
2021-12-21,3140.538818359375,3169.173748667994,3104.07038869764,3118.2138233088813,2340989
2021-12-22,3160.0791015625,3165.3448546066893,3138.7551497651352,3154.204135250981,1224328
2021-12-23,3187.88720703125,3194.676099434365,3159.4263018517217,3175.0928785551187,1792861
2021-12-24,3195.023681640625,3224.7032213873817,3172.3072763209016,3207.295916548583,2209923
2021-12-27,3216.95703125,3220.351370671129,3179.5313261313895,3195.1107788469503,1534135
2021-12-28,3226.052978515625,3242.111177959152,3214.999380219284,3229.055696705625,1456218
2021-12-29,3215.73828125,3237.715002681955,3207.295781257609,3213.6059289954974,1456923
2021-12-30,3249.726318359375,3255.1661012826416,3202.9441852192836,3204.1192633273176,1966475
2021-12-31,3253.73046875,3272.573794030178,3247.5943503878843,3257.6035521515405,1207141
2022-01-03,3322.837158203125,3333.4991332376317,3259.5180819777884,3263.8699085224853,2346158
2022-01-04,3381.15185546875,3384.9813780824193,3317.571622986017,3334.456838580845,2488606
2022-01-05,3360.4375,3368.3143499575167,3318.1812141708238,3363.96252263199,1733031
2022-01-06,3313.87255859375,3337.8511668408105,3283.0181489761508,3317.8327634933953,1810293
2022-01-07,3353.953369140625,3363.875450592213,3304.255415355121,3324.7961256305143,2460591
2022-01-10,3376.88720703125,3462.3134841433975,3360.480734609768,3462.3134841433975,3937092
2022-01-11,3408.26318359375,3416.18359233309,3356.128390327744,3356.128390327744,1906106
2022-01-12,3359.523193359375,3419.6655251847706,3339.200289545301,3416.1840637185605,3203744
2022-01-13,3392.597412109375,3414.4436699625035,3356.9995501007843,3410.091842700252,6684507
2022-01-14,3453.739990234375,3461.4428081583696,3359.653628525893,3375.146173409217,3348123
2022-01-17,3498.12841796875,3518.8867142278687,3448.64828088195,3475.10729954909,3442604
2022-01-18,3473.27978515625,3517.7553236459385,3464.053828155006,3511.0099926991543,2389041
2022-01-19,3413.162353515625,3498.0413840088618,3409.544075814221,3498.0413840088618,3102539
2022-01-20,3336.348876953125,3417.8273982491137,3322.7908711039217,3409.1084508046006,6176776
2022-01-21,3342.4091796875,3358.1469255847046,3288.003021762535,3319.3039642807653,3112358
2022-01-24,3288.22021484375,3356.4894006591326,3260.9735050308036,3348.075701814863,3258414
2022-01-25,3286.9560546875,3321.3958985887766,3245.366716144262,3286.6073819205503,3330501
2022-01-27,3181.761474609375,3255.1313224875653,3160.7053044667646,3253.038860524102,5718297
2022-01-28,3217.335205078125,3251.9930207471753,3178.928199480695,3178.928199480695,3143862
2022-01-31,3257.6171875,3276.580900802944,3244.669463616145,3268.7338470224154,2739393
2022-02-01,3313.766357421875,3320.1748683247147,3257.7471254655034,3287.0428712143316,2105169
2022-02-02,3362.2001953125,3369.0010163346046,3313.7664036563433,3337.525533494624,1984212
2022-02-03,3334.648681640625,3385.1313015453898,3327.1939390990083,3357.6666174504307,1960538
2022-02-04,3326.1904296875,3334.7350388402992,3286.1705550361166,3326.5393152260126,2307366
2022-02-07,3294.89013671875,3340.9262203657618,3274.9672572822224,3305.352873326484,1919149
2022-02-08,3263.89404296875,3312.9381179027605,3244.320050301402,3305.8322615249517,2946443
2022-02-09,3278.803466796875,3293.974348552429,3266.2046316844016,3269.604935671538,1638721
2022-02-10,3287.348388671875,3304.3066986400545,3276.580403583315,3304.3066986400545,2112459
2022-02-11,3221.607421875,3271.7850066553174,3217.2915854918374,3271.7850066553174,3851488
2022-02-14,3255.43701171875,3307.3147491669633,3234.7295114768162,3246.9360379352192,5951745
2022-02-15,3328.7197265625,3343.7162732725105,3267.861432131778,3300.993431710489,3931683
2022-02-16,3324.622314453125,3360.3700030533696,3318.4317759153946,3351.5637799839137,3256906
2022-02-17,3299.424072265625,3343.716368163964,3294.8902621360157,3334.997420658973,3134372
2022-02-18,3307.881591796875,3327.1069146820982,3276.2319808945354,3286.1714964542043,3688883
2022-02-21,3242.925537109375,3337.439064154171,3230.849921464297,3321.9192936476043,7465922
2022-02-22,3126.96337890625,3198.022804045737,3112.664389545629,3182.4159725046347,5408531
2022-02-23,3107.2578125,3158.786652232301,3100.151744261149,3148.411192324621,2426203
2022-02-24,2965.880615234375,3037.5505321408286,2956.68229614939,3028.9622839273047,5039136
2022-02-25,3069.723388671875,3077.78841497173,3018.499572983606,3023.7309413943226,2549723
2022-02-28,3098.8876953125,3107.2143311826494,3013.1804149267537,3042.9121054584202,3288942
2022-03-02,3091.869873046875,3114.3648030108043,3056.863379559285,3097.4064905545806,2761341
2022-03-03,3090.34326171875,3120.162228552476,3077.8753387197994,3106.429888039803,1928039
2022-03-04,3072.862060546875,3104.9912513670993,3040.340346833838,3052.93918222262,2370257
2022-03-07,3038.4658203125,3093.4824622131614,2991.950364784815,3008.0367797732265,3054130
2022-03-08,3138.77783203125,3146.6685230202374,3016.756189983381,3016.756189983381,3300992
2022-03-09,3167.2451171875,3185.903580652901,3136.2492146549575,3143.180735701617,2719654
2022-03-10,3157.08740234375,3212.0604115144542,3151.899670907913,3212.0604115144542,2005441
2022-03-11,3138.080078125,3173.566366707418,3132.5873111877163,3141.654931943972,1623423
2022-03-14,3176.3125,3180.9772219494284,3121.383132034038,3121.383132034038,1765688
2022-03-15,3133.502197265625,3190.2626259339454,3126.0910925046414,3190.2626259339454,3651133
2022-03-16,3187.559814453125,3198.109825687102,3152.9892740297114,3174.1327209416286,3090475
2022-03-17,3202.25146484375,3234.7295445021614,3191.3964177054013,3223.046239918665,3600452
2022-03-21,3162.100830078125,3238.1736514139975,3151.8997034863028,3222.523182319606,2413831
2022-03-22,3226.8388671875,3235.6014520923454,3160.6185027848965,3173.6969241757306,2907611
2022-03-23,3236.82177734375,3251.9928727405686,3217.291421341195,3232.9855258355424,1596195
2022-03-24,3269.474609375,3276.7548028095052,3221.6510972508927,3226.010570995481,1879046
2022-03-25,3232.506103515625,3295.3261619554955,3201.5974776294693,3278.2369399463614,1690133
2022-03-28,3232.72412109375,3237.3452058404378,3192.181015230141,3221.651100344847,1760990
2022-03-29,3230.675537109375,3245.192500629566,3218.163761371233,3221.4333669266766,2689063
2022-03-30,3253.51806640625,3259.141743535202,3231.415454989937,3259.141743535202,1583455
2022-03-31,3260.842529296875,3273.6593387691028,3243.6226090320506,3260.886166604706,2168110
2022-04-01,3277.23388671875,3280.939438835426,3250.466764590096,3267.8610196001,1387014
2022-04-04,3287.348388671875,3295.7620876915726,3258.3578888264396,3280.067982512089,1472994
2022-04-05,3326.103759765625,3344.2392110933524,3288.7866261011463,3288.7866261011463,2314947
2022-04-06,3274.26953125,3321.308203208905,3253.1695112514726,3321.308203208905,2051729
2022-04-07,3212.191162109375,3265.6819935656586,3207.7009890076247,3265.6819935656586,2494829
2022-04-08,3213.498779296875,3230.370027745647,3175.8766062249715,3217.291606580685,2296773
2022-04-11,3222.8720703125,3236.7789635996933,3187.7348778014734,3217.2920283632184,2291660
2022-04-12,3218.250244140625,3260.0139103467973,3180.9767499798,3211.1878127326167,4483476
2022-04-13,3192.835205078125,3234.5990948262,3187.255163355914,3232.1141094342306,1621672
2022-04-18,3076.088623046875,3147.5403623845255,3071.2495641272826,3147.5403623845255,3820792
2022-04-19,3027.130859375,3107.040129369162,2998.5763104441376,3095.225914643108,3170014
2022-04-20,3101.15478515625,3111.9225558490607,3034.193236670542,3051.6311288353154,2640370
2022-04-21,3163.80078125,3177.184450731517,3110.3972281195647,3121.383187052368,2280996
2022-04-22,3149.763427734375,3153.64331680634,3113.9721056051544,3122.342380367201,1581465
2022-04-25,3093.6572265625,3124.8711043857725,3080.491742206631,3102.201838561545,1960694
2022-04-26,3092.000244140625,3128.270936257901,3067.4562804026878,3117.1542787359804,1943469
2022-04-27,3104.99169921875,3111.312936478098,3057.1247601525597,3091.738940916967,1727648
2022-04-28,3125.1328125,3142.6577715972885,3084.8076749252646,3128.358780932987,1703660
2022-04-29,3092.3486328125,3159.0922091212788,3083.7605984504776,3136.2049751491727,2051115
2022-05-02,3088.60009765625,3093.4391564370508,3045.310605375588,3068.9824643813376,1324161
2022-05-04,3033.9755859375,3091.259025222723,3021.376750080482,3085.199399623491,2305825
2022-05-05,3063.314697265625,3080.403918216015,3038.8582216741816,3062.181404468486,1612262
2022-05-06,2992.865966796875,3029.398271221834,2985.803534263684,3015.8839027648073,2010812
2022-05-09,3003.764892578125,3013.2684608532413,2918.1012275668895,2962.698561915311,2481830
2022-05-10,2998.22802734375,3020.9409278192593,2983.6237904966374,2994.08652734233,1622685
2022-05-11,2974.905029296875,3006.685551881528,2948.8788846185103,2994.958609506086,1841769
2022-05-12,2971.983642578125,3007.7749608828694,2920.9343806143934,2945.2601564408105,2807195
2022-05-13,2977.43310546875,2999.2304728192926,2948.878554239539,2994.958273964552,2187823
2022-05-16,2944.21435546875,2990.599115503573,2935.3210712259547,2977.5206937156568,1195813
2022-05-17,3009.431640625,3022.858733006671,2921.1957322943476,2938.284952475478,1754076
2022-05-18,3006.990478515625,3047.271971010071,3001.977083999657,3021.1151300571946,1866781
2022-05-19,2844.077392578125,2968.801994723877,2816.220394407672,2961.826835852279,4642963
2022-05-20,2871.1494140625,2889.371929206205,2851.139472106869,2885.971624824438,3065125
2022-05-23,2896.21630859375,2911.1692180116047,2848.4800723039907,2881.437735548261,2293690
2022-05-24,2866.790283203125,2898.9196937554434,2855.978872147246,2890.4621433700886,1711510
2022-05-25,2780.461669921875,2890.3583930021523,2768.5241539139447,2890.3583930021523,3548046
2022-05-26,2832.512939453125,2845.2845046149496,2791.78459666296,2800.9572278964383,2813186
2022-05-27,2862.6650390625,2878.1136284585923,2834.4885983991953,2855.5550320020116,3103153
2022-05-30,2962.686279296875,2972.649031269277,2884.652794101805,2894.0009370688977,2094624
2022-05-31,2953.1181640625,2969.83946910257,2918.5779156420817,2944.1647611228614,4840965
2022-06-01,2945.08642578125,2973.8772519538998,2931.788329574225,2973.8772519538998,1493835
2022-06-02,3004.599365234375,3012.499275922984,2937.274613670097,2944.911151142661,2657939
2022-06-03,3019.653076171875,3052.262281379866,3011.7970965329273,3036.550107803173,1913622
2022-06-06,3011.5771484375,3030.931969731244,2964.3532017342663,3000.2100992010983,1084210
2022-06-07,2951.669677734375,3000.9564672739875,2945.788676454605,2985.3321578943005,2308256
2022-06-08,2988.05322265625,2996.655390105723,2937.4499938250347,2966.986795089598,2185707
2022-06-09,3008.197998046875,3016.8878132150094,2943.2431833311603,2971.243889360723,1279197
2022-06-10,2949.21142578125,2978.265620560741,2942.2771471027418,2968.610176462253,1527582
2022-06-13,2826.0615234375,2890.4895994549984,2802.2299971584944,2887.8562958417688,3030921
2022-06-14,2818.11767578125,2843.0022662978668,2786.6496119457593,2800.0795032064775,2611493
2022-06-15,2814.386962890625,2838.7010882886284,2809.73475065303,2825.0956872779684,1404536
2022-06-16,2757.946044921875,2848.224536344817,2750.090067061685,2843.96727738602,2032028
2022-06-17,2711.337158203125,2737.5386155213027,2654.2385282186283,2714.058324390178,5240434
2022-06-20,2731.964599609375,2755.0938684218168,2693.869560234665,2715.813756717515,1502769
2022-06-21,2819.34619140625,2841.992643096797,2743.3753468292443,2747.413164355795,2964461
2022-06-22,2829.001708984375,2853.2281861623023,2793.934927975882,2808.7691181856167,3336315
2022-06-23,2904.358642578125,2912.434064877153,2829.0021781757464,2829.0021781757464,3692578
2022-06-24,2890.57763671875,2936.1337062623097,2876.884371382577,2930.8670987174446,2132118
2022-06-27,2909.537109375,2951.845477755388,2902.3394557167258,2940.5223579770245,2037686
2022-06-28,2912.5654296875,2922.9670648721058,2872.5832738577947,2902.778403463079,1400046
2022-06-29,2888.295166015625,2925.600300358632,2871.1786926111868,2871.1786926111868,2133994
2022-06-30,2867.755615234375,2906.2016781293732,2857.1345378380965,2872.0565922599853,2719603
2022-07-01,2909.888427734375,2925.600387299179,2854.5451192222854,2861.5233311117086,1502879
2022-07-04,2839.6220703125,2912.388917430472,2830.844394457559,2907.166243156527,2622535
2022-07-05,2823.16455078125,2872.0561732174024,2814.957336327149,2857.134120972691,2170627
2022-07-06,2862.18115234375,2868.983852314819,2810.8317396589046,2825.095465404695,2182144
2022-07-07,2885.968994140625,2913.6623972444418,2865.955845113616,2871.1785207492608,1989921
2022-07-08,2866.306884765625,2901.022644904037,2852.745414807298,2896.6338058043334,2136916
2022-07-11,2733.19384765625,2830.80159948252,2726.34721488146,2814.2555881350117,6974600
2022-07-12,2707.650634765625,2752.8556822249266,2703.744610417738,2734.159182843163,3734815
2022-07-13,2667.317138671875,2729.858099965292,2664.025509130116,2724.591492698478,3863530
2022-07-14,2639.154296875,2690.419236530846,2611.21160444456,2689.539151729887,4764908
2022-07-15,2635.502197265625,2665.688935952516,2598.8905812888142,2656.580186606266,4574806
2022-07-18,2696.1396484375,2707.9767454259254,2652.8395214403786,2660.496215840236,3202795
2022-07-19,2705.601318359375,2709.7376748973434,2666.7016042300606,2666.7016042300606,1865074
2022-07-20,2785.29248046875,2791.5850009840688,2726.54681875147,2735.1276457438817,3402251
2022-07-21,2796.29345703125,2802.189982174116,2767.03063765082,2787.228540686377,2420640
2022-07-22,2790.749267578125,2813.631475385451,2766.5469323972993,2803.0704563974546,2075886
2022-07-25,2787.00830078125,2804.3459268777215,2771.474891342548,2785.4681525136675,1797504
2022-07-26,2742.255859375,2788.9003489613156,2725.1823019627623,2785.2040361556637,2639367
2022-07-27,2806.458984375,2811.0794303717553,2737.064199982697,2741.4646247415117,1389808
2022-07-28,2869.517333984375,2872.597631689925,2817.7242423323946,2830.3535488709554,2106333
2022-07-29,2905.952392578125,2919.505829643421,2882.2781935145945,2895.4794676833635,2430257
2022-08-01,2903.2236328125,2928.0419799310016,2878.757233650227,2928.0419799310016,1306913
2022-08-02,2897.06298828125,2915.632647364898,2879.32915186275,2895.4787927773596,1269114
2022-08-03,2939.0439453125,2947.404753062304,2884.0826783932725,2886.6788862479416,2895824
2022-08-04,2952.640380859375,2981.6391313007757,2910.7484743753057,2948.284004184291,2150567
2022-08-05,2961.529541015625,2972.0465119063037,2952.684645379227,2958.141128427601,1106933
2022-08-08,2969.802001953125,2973.7183361972407,2935.9627856015595,2961.485243869679,1068836
2022-08-10,2952.02490234375,2979.0875141786073,2935.0832672926604,2979.0875141786073,1878359
2022-08-11,3012.09033203125,3017.5468150068145,2970.3303498018386,2992.2884233473337,1449248
2022-08-12,2993.652587890625,3009.0100251572753,2975.7868229198702,3009.0100251572753,1472354
2022-08-16,2985.86376953125,3005.3577774981677,2981.2873713731783,3001.969364945804,839942
2022-08-17,2993.25634765625,3008.085646866667,2966.853804993196,2979.1749915692876,1622326
2022-08-18,2975.786865234375,2985.247777264325,2958.8452320644637,2983.4876075843345,1430659
2022-08-19,2979.74755859375,3011.2105949135394,2966.98632707943,2980.8476647587777,1398410
2022-08-22,2952.2880859375,2978.294631025304,2945.9953516001774,2961.484927807286,1536532
2022-08-23,2890.7265625,2941.155248644901,2877.877238729922,2921.8374306422184,1849256
2022-08-24,2864.984375,2911.3207575810075,2860.451808988953,2897.2393996241462,1691923
2022-08-25,2832.288818359375,2885.0498583635745,2829.25256881732,2883.157762017432,1946930
2022-08-26,2835.80908203125,2866.436074774527,2831.0567102540363,2846.458193615582,1457962
2022-08-29,2756.9091796875,2765.8419528302256,2711.5407735607528,2750.2644976882025,2539173
2022-08-30,2826.084228515625,2839.5936161841482,2765.314544774919,2776.6675527850575,3431525
2022-09-01,2756.161376953125,2807.470361006476,2746.7445130724805,2807.470361006476,3546935
2022-09-02,2755.017578125,2783.708430697643,2746.1288498985514,2783.708430697643,2052900
2022-09-05,2757.657958984375,2770.463237341752,2739.0442491650956,2749.077131149413,2147912
2022-09-06,2752.0693359375,2764.214549676102,2733.8516227618284,2759.506009846509,1936453
2022-09-07,2771.915771484375,2782.740644973816,2730.02363999894,2730.02363999894,1291534
2022-09-08,2789.560791015625,2801.7500518374727,2781.156152794095,2789.868906651418,1346113
2022-09-09,2831.804931640625,2845.754362458832,2788.548847209157,2811.8710957340245,1561185
2022-09-12,2854.0712890625,2877.701654619494,2838.273808049508,2851.3869871393563,1785928
2022-09-13,2842.1025390625,2872.1133082041783,2838.2740834227816,2872.1133082041783,1972678
2022-09-14,2746.217041015625,2764.6988252952656,2740.40860916072,2759.066367460601,5090269
2022-09-15,2732.09130859375,2761.4860546857367,2728.2628538047275,2754.6653975512245,2138023
2022-09-16,2647.9111328125,2723.2905259336594,2640.2544379154365,2707.140883675961,5322221
2022-09-19,2665.600830078125,2677.2179062249493,2629.5173540244687,2671.93739753417,2072220
2022-09-20,2675.722412109375,2710.6176956785125,2666.6574938274252,2684.259193456649,1544295
2022-09-21,2641.310791015625,2676.690161452811,2638.626489065098,2664.8971095952425,2253818
2022-09-22,2646.76708984375,2666.6130461683933,2622.036834497055,2631.453699411689,2017983
2022-09-23,2624.45703125,2660.056419935131,2621.772729524154,2643.7748504500028,2652374
2022-09-26,2635.326416015625,2663.005260925755,2575.2167829099085,2604.9196514115106,2925489
2022-09-27,2655.611328125,2662.256010065152,2619.131863125254,2648.5266038691343,2227447
2022-09-28,2671.62939453125,2684.214650414333,2622.652760305555,2622.652760305555,2739767
2022-09-29,2637.878173828125,2689.407181056036,2631.453511913106,2687.7789382550586,2493902
2022-09-30,2644.2587890625,2657.5919876362846,2596.338215395767,2632.2016704566418,2817353
2022-10-03,2627.009033203125,2658.4720642332236,2617.372147790572,2635.8539282558045,1763331
2022-10-04,2720.474365234375,2726.5030327729664,2660.4966649685857,2666.6132120788957,2145875
2022-10-06,2729.979248046875,2749.3851626060255,2721.61844169452,2737.944059176487,1790816
2022-10-07,2697.3720703125,2732.663560045022,2691.387665003336,2725.9748289925205,1939879
2022-10-10,2744.58837890625,2752.02505217605,2644.6547111573486,2649.0551349695907,3064063
2022-10-11,2701.464111328125,2767.866460874468,2687.2067817521515,2728.262648238744,4730645
2022-10-12,2728.923095703125,2736.97578612618,2694.8638550176415,2714.9736648998382,1665247
2022-10-13,2731.167236328125,2737.063761587593,2686.326958190763,2728.922977087694,2054781
2022-10-14,2727.515380859375,2772.2677896959835,2702.7410737004334,2767.867364632974,2245977
2022-10-17,2745.691162109375,2760.3824097080633,2710.1319147726804,2711.1907065546616,1517005
2022-10-18,2774.765625,2784.1629159418735,2760.5155551789203,2779.442189863882,1793722
2022-10-19,2754.603271484375,2787.3829499859935,2745.911915275851,2787.3829499859935,1194289
2022-10-20,2785.883056640625,2788.265392214425,2739.7354565904398,2739.7354565904398,1587601
2022-10-21,2768.323974609375,2788.6183117668575,2759.1474909324643,2786.324298557894,1021913
2022-10-24,2789.76611328125,2804.148668415452,2783.8543262588896,2797.1780892342567,260949
2022-10-25,2790.118408203125,2809.6626504347373,2780.456366973794,2806.3537912248353,2069643
2022-10-27,2785.970947265625,2800.618249230053,2765.6326663428144,2788.882786261024,2438421
2022-10-28,2791.133056640625,2804.58908417995,2775.0299417165147,2779.4417540244904,1355739
2022-10-31,2817.515625,2822.6775315995496,2803.9714903854647,2822.6775315995496,1919414
2022-11-01,2876.237060546875,2878.7960411046947,2826.604168845417,2836.3543177659885,2991060
2022-11-02,2860.3544921875,2885.325394187665,2843.0161551154115,2885.325394187665,1405955
2022-11-03,2829.516357421875,2848.3107244829384,2819.1485965425713,2848.3107244829384,1422652
2022-11-04,2838.9130859375,2841.2514758680345,2793.692006783395,2838.560227097683,1464013
2022-11-07,2853.29541015625,2861.3249946157302,2819.2363488543742,2849.1483497272793,1474498
2022-11-09,2837.722412109375,2867.5021512162307,2825.01626083811,2867.5021512162307,1162267
2022-11-10,2828.545166015625,2845.6189659797133,2797.0890301257955,2797.0890301257955,1573092
2022-11-11,2925.869384765625,2948.5021082441153,2872.133603940639,2884.9720191881343,3265394
2022-11-14,2943.1201171875,2955.032010931176,2919.737510949914,2932.972948442887,1342074
2022-11-15,2940.561767578125,2947.04700361366,2904.737758867368,2930.3262749691767,1400708
2022-11-16,2960.63525390625,2971.7087315184385,2930.723034354456,2946.120217692935,1748235
2022-11-17,2955.031982421875,2964.7379698230816,2927.4581545775386,2947.090720002706,1417986
2022-11-18,2950.135009765625,2967.164649978448,2930.3260137026023,2955.9145275229503,1164540
2022-11-21,2897.237548828125,2941.5321075260067,2887.972741682489,2931.6496896547724,1304194
2022-11-22,2924.9873046875,2928.5167544201013,2872.31031051253,2894.148780733,1149739
2022-11-23,2919.1201171875,2938.2673417659494,2903.855201727249,2938.2673417659494,1150011
2022-11-24,2982.517822265625,2993.8121065011505,2919.120199429745,2926.1349389357706,1296591
2022-11-25,2990.900146484375,3002.988685816619,2954.149832260228,2985.032521665577,1588981
2022-11-28,2995.84130859375,3015.0326931639333,2969.6351851613313,2970.0322052062625,2195437
2022-11-29,2997.694091796875,3025.6207765760682,2985.0321047409852,2985.0321047409852,1576028
2022-11-30,2991.91455078125,3013.1793559501702,2977.973181396093,2985.0320807890316,3410702
2022-12-01,3066.78271484375,3070.6210773586495,3017.6793346455693,3022.091146538326,2180856
2022-12-02,3034.576904296875,3060.827188659679,3011.5032111008086,3051.297846000532,2411749
2022-12-05,3022.88525390625,3034.5765556827137,3006.2086907480257,3029.150113101841,1475065
2022-12-06,2987.106201171875,3007.047465925803,2971.797124472303,3000.0768878174986,1166999
2022-12-07,2982.914794921875,2994.473614579414,2959.4438659290595,2972.0616929376706,1167505
2022-12-08,2956.400146484375,2982.915186541277,2946.605835144837,2964.7384302352993,1285619
2022-12-09,2905.399169921875,2977.1794466521255,2890.928510850785,2977.1794466521255,1797896
2022-12-12,2899.84033203125,2908.2669373884346,2855.413507309817,2872.5312544502576,1527610
2022-12-13,2940.120361328125,2943.958509197416,2883.3844058485947,2891.6785277132994,1378016
2022-12-14,2969.458984375,2979.73842222779,2947.88504703309,2954.8558406430157,1213311
2022-12-15,2916.296630859375,2968.9294722548675,2910.869971774407,2963.6794580212227,1415694
2022-12-16,2859.0751953125,2904.737456359463,2845.7955961171497,2889.7372933102192,2703680
2022-12-19,2825.369140625,2863.707751618169,2818.7072600660117,2847.384043898269,2120965
2022-12-20,2862.340576171875,2866.796551106744,2791.4868048471067,2822.5900915280895,1529971
2022-12-21,2884.046142578125,2896.840399494086,2858.8546488077627,2866.7959117211176,1432566
2022-12-22,2876.237060546875,2906.502138037383,2863.3546970197967,2906.502138037383,1384101
2022-12-23,2848.574951171875,2882.545906087743,2838.5600510219747,2838.5600510219747,1360281
2022-12-26,2870.23681640625,2887.090025891861,2845.6631506643457,2848.574989923709,870157
2022-12-27,2876.060546875,2888.6783736131365,2851.354397062912,2884.6194199757956,835883
2022-12-28,2873.943115234375,2881.884378094464,2846.501554071851,2867.5018256081944,910795
2022-12-29,2884.22216796875,2886.6486646301387,2848.2658992590823,2851.0013089364893,1037927
2022-12-30,2873.590087890625,2910.9140670266365,2864.3252810692306,2899.487515031026,1163131
2023-01-02,2877.781005859375,2882.5458924019413,2854.61899125398,2877.3839858359584,709547
2023-01-03,2921.8115234375,2929.4438738683607,2863.5314297904347,2869.443216210816,1245178
2023-01-04,2924.72265625,2935.9288318835124,2899.6194872236865,2917.707917742617,1231668
2023-01-05,2921.59033203125,2944.708184643928,2895.8693379101937,2938.4433252143804,1826057
2023-01-06,2833.7509765625,2913.163591658966,2823.5596478743523,2911.795886870426,2488376
2023-01-09,2929.399169921875,2935.619868272381,2842.221716863226,2849.1483482571443,2885060
2023-01-10,2899.79638671875,2910.031879132558,2850.119544259817,2898.5611652366442,3864655
2023-01-11,2937.1201171875,2955.473300937228,2886.3401103867363,2903.061052704587,2720512
2023-01-12,2942.10546875,2955.9143556162335,2925.5170107746744,2937.384743237744,2250391
2023-01-13,2977.57666015625,2981.5031305171833,2916.208300195114,2949.6497555026567,1742837
2023-01-16,3008.710205078125,3025.8110015993384,2976.2231200624447,2993.323916583658,1843607
2023-01-17,3048.73193359375,3051.800290054043,2996.9331766913624,3005.0549468178974,1688475
2023-01-18,3059.200439453125,3076.3012356043387,3043.1825020489086,3050.1762493662427,2421189
2023-01-19,3043.94970703125,3056.4932433752856,3033.030348681528,3050.176310188505,1585044
2023-01-20,3034.92529296875,3063.3964349074176,3028.157150767711,3036.6398008661617,1529349
2023-01-23,3081.670654296875,3085.3706604429835,3028.1573821258276,3057.395670541336,1067916
2023-01-24,3100.98193359375,3115.104700447892,3083.8359754698736,3090.7845565408666,1387863
2023-01-25,3095.0712890625,3099.8089883897333,3072.7364208055433,3091.055568934269,874110
2023-01-27,3078.196044921875,3109.735541536543,3052.25150144562,3091.6871634661047,1785879
2023-01-30,3098.591064453125,3120.971100823279,3055.1848405969054,3086.27313262084,1953798
2023-01-31,3030.954345703125,3112.4428172521584,3024.005764167,3112.4428172521584,2820375
2023-02-01,3075.759521484375,3085.3701945661082,3027.615385425356,3034.83473656795,2205161
2023-02-02,3122.73046875,3130.491359902265,3086.363161059032,3092.5897637316407,1813847
2023-02-03,3142.49365234375,3162.0761001103447,3115.9624021902155,3162.0761001103447,1804469
2023-02-06,3122.324462890625,3134.2363491995434,3101.4787169293004,3134.2363491995434,1138714
2023-02-07,3133.695068359375,3152.149492409252,3123.632964557196,3130.4011068970385,1455647
2023-02-08,3176.605224609375,3194.4729446376878,3138.658461421749,3138.658461421749,1986946
2023-02-09,3195.330078125,3201.42140575325,3163.249041886129,3172.0024612292277,1655427
2023-02-10,3192.352294921875,3196.683950073236,3165.8210448180002,3176.5147978181903,1187821
2023-02-13,3142.58349609375,3202.684683091803,3134.4617259760194,3202.684683091803,1087939
2023-02-14,3158.556884765625,3180.8917554026953,3153.954459659008,3162.9786498154,1579818
2023-02-15,3177.101318359375,3181.929348066534,3122.504969647513,3146.7350075745903,1429449
2023-02-16,3210.8515625,3226.147518559538,3182.831412016641,3183.011851730481,1618931
2023-02-17,3159.504150390625,3193.570467173406,3149.442266805479,3182.0646250812088,1061369
2023-02-20,3147.005615234375,3178.319508405955,3135.9509832133717,3160.271129596154,1296082
2023-02-21,3114.248046875,3166.498020154709,3108.607927983963,3153.0520648453344,1139541
2023-02-22,3069.623291015625,3110.6381891326687,3063.712402699568,3081.715617084995,1218430
2023-02-23,3080.677978515625,3115.5112191854573,3075.443904333321,3087.175351151494,1441570
2023-02-24,3068.630859375,3098.861897992003,3052.2520415048884,3088.529243781861,977592
2023-02-27,3006.72509765625,3059.2006789935385,2992.421667121703,3059.2006789935385,1128022
2023-02-28,2989.578857421875,3061.0052327901076,2977.892355176233,3003.701626574845,4116217
2023-03-01,3055.319580078125,3058.297606467113,2991.518608863523,2998.737959955803,1669307
2023-03-02,2997.33935546875,3041.0615092127086,2994.22605417747,3033.0300687433623,1556538
2023-03-03,3016.02001953125,3030.3234509270865,3006.0484643577256,3026.7137743923313,1043190
2023-03-06,3042.821044921875,3072.690976248651,3031.2248747347967,3033.841801236338,1334132
2023-03-08,3059.56103515625,3064.6146692630373,3005.8221644268447,3035.7372636633854,1844590
2023-03-09,3011.236572265625,3054.6879538516177,3005.8220589057696,3054.6879538516177,1648500
2023-03-10,3005.957275390625,3011.597393364564,2968.958101481584,2989.623405611254,1024404
2023-03-13,2961.69384765625,3040.9714410429538,2952.7148231102783,3007.7623794090946,1901233
2023-03-14,2901.23193359375,2981.9532694589166,2896.2234640568317,2959.9343338825,2670334
2023-03-15,2886.748046875,2942.2018705999863,2880.521443910695,2932.8617458363906,1780522
2023-03-16,2874.204345703125,2905.608569116776,2862.4728993941326,2894.959981480573,1901060
2023-03-17,2869.06103515625,2907.05274636702,2837.2055974572454,2843.07132149779,6739966
2023-03-20,2836.57421875,2860.3528316692873,2793.0324938339477,2860.3528316692873,2289468
2023-03-21,2803.003662109375,2848.7110949967246,2795.197605797223,2836.5736038648693,1815297
2023-03-22,2825.29345703125,2836.7541342993322,2803.003751733395,2824.616642779389,1123939
2023-03-23,2819.7431640625,2839.3258306983194,2798.4010449295647,2810.9445796742175,1372218
2023-03-24,2815.99853515625,2860.668276380488,2802.9134594440998,2841.6271470449155,1329577
2023-03-27,2817.62255859375,2845.1011698701245,2802.913086548761,2829.083234491425,1524217
2023-03-28,2811.846923828125,2842.213451587019,2806.6580152242736,2821.8638616076223,1303530
2023-03-29,2832.602294921875,2842.619231770187,2801.198296805515,2823.6684368917195,1740616
2023-03-31,2893.06494140625,2899.472204338833,2844.424646148771,2878.671402631456,2382581
2023-04-03,2887.740478515625,2910.2557859956287,2864.0519824028015,2910.2557859956287,1521830
2023-04-05,2923.656982421875,2945.8114118907883,2874.6555889687143,2874.6555889687143,2655065
2023-04-06,2906.420654296875,2939.4944408464216,2901.276910369909,2910.301099826736,1703464
2023-04-10,2944.953857421875,2952.7147483714607,2901.276869197508,2905.78896386189,2203187
2023-04-11,2900.19384765625,2953.57183641114,2880.656346666499,2945.4952314789316,2348779
2023-04-12,2925.325927734375,2942.7426553096243,2886.8378525565763,2912.9628337609006,2417727
2023-04-13,2877.67919921875,2914.813656593064,2869.692702156639,2896.7652748184937,4174070
2023-04-17,2833.144287109375,2854.7120118386847,2770.6517749633886,2828.2713129172603,5505048
2023-04-18,2825.248291015625,2848.801515098883,2807.064636248936,2847.086786804494,2617302
2023-04-19,2788.11376953125,2833.595598009388,2771.779897861731,2825.2482224420037,3298034
2023-04-20,2801.83056640625,2809.230358172251,2777.6456930466393,2788.4747210897062,2419999
2023-04-21,2852.411376953125,2855.6599533822787,2798.22106827922,2806.5232795765946,1929184
2023-04-24,2864.999755859375,2870.5495443318514,2821.09694130206,2843.612470588807,1640676
2023-04-25,2866.082763671875,2879.7994885025946,2840.3638219953486,2872.3996967152325,2024090
2023-04-26,2886.0712890625,2895.3210839802464,2870.5948910586885,2870.5948910586885,2000029
2023-04-27,2876.866455078125,2887.018668292053,2861.254563139059,2874.20436323212,2434446
2023-04-28,2905.1123046875,2912.331656535757,2884.3566681237626,2888.101618768192,2931312
2023-05-02,2905.24755859375,2919.325382723846,2896.7649083596743,2919.325382723846,2321159
2023-05-03,2869.60205078125,2902.1794643631756,2863.510722614443,2902.1794643631756,2468285
2023-05-04,2906.420654296875,2909.804725343185,2867.8874093796485,2869.827521986016,1953253
2023-05-05,2915.44482421875,2927.447040179334,2896.809961242115,2905.788985628069,1710027
2023-05-08,2933.403564453125,2937.2388455625774,2915.9868320573555,2928.3499294526296,928235
2023-05-09,2962.866943359375,2976.177622538405,2929.2518383140277,2935.2078913616624,1107375
2023-05-10,2966.07080078125,2983.8484109430083,2947.3456066100516,2968.9584975056696,1559987
2023-05-11,2961.87451171875,2986.7361998952592,2952.715046751315,2986.1045506418404,1719623
2023-05-12,2954.79052734375,2968.9584613481547,2941.8858917917887,2959.1671272317485,1027479
2023-05-15,2937.419189453125,2970.7635294766205,2931.3730258472074,2963.5441770356083,1150390
2023-05-16,2940.21630859375,2964.446346309158,2933.2677265181874,2938.456635647952,986306
2023-05-17,2895.59130859375,2959.933816410234,2886.161075711595,2938.2305990892937,1588815
2023-05-18,2887.605224609375,2913.8654825847825,2883.228404788249,2911.1582258666713,1369364
2023-05-19,2908.361328125,2918.8744219476494,2890.49338684266,2896.765155186877,1152449
2023-05-22,2976.809814453125,2985.6084005993453,2903.12738372472,2914.813666901652,1333243
2023-05-23,2975.320556640625,3003.2052151323046,2969.048788762343,2983.397162487744,1687418
2023-05-24,2981.005859375,2993.5042301988665,2956.324611866416,2956.324611866416,1016555
2023-05-25,2972.11669921875,2983.3969356663692,2948.2929279682253,2972.567908676655,1374917
2023-05-26,3004.0625,3012.861085188572,2969.860908265637,2972.1169557498865,1791115
2023-05-29,2996.3466796875,3042.9565276981425,2988.811393753336,3032.849480091868,1210372
2023-05-30,2992.601806640625,3002.3028107703726,2979.201016847023,2991.518947917476,1344224
2023-05-31,2968.507080078125,3002.9794392550057,2946.5330909329136,2986.1042492714746,5815424
2023-06-01,2999.640380859375,3014.079083053644,2975.7262803501167,2990.616191987957,1177314
2023-06-02,2983.036376953125,3010.379496788302,2975.6815298082374,3001.671241441304,2030661
2023-06-05,2967.9658203125,3002.3480730267693,2964.491639283323,2991.5190448102617,1861468
2023-06-06,2916.888916015625,2967.920753448757,2906.330658002561,2959.9342573409676,2022849
2023-06-07,2955.331787109375,2958.8965182829807,2924.739872252775,2935.568899857537,1567196
2023-06-08,2920.634033203125,2950.910235802077,2917.520731604928,2942.788464510879,1759366
2023-06-09,2896.13330078125,2932.8617095107734,2892.5687898438873,2928.3496145730646,1775689
2023-06-12,2930.06396484375,2936.832106886092,2897.667213061257,2901.2768888171727,2324605
2023-06-13,2927.176025390625,2946.3975912591977,2922.9347007928154,2941.88549693874,1371928
2023-06-14,2933.808837890625,2938.1404924215467,2911.0679269996626,2927.175971235423,1658544
2023-06-15,2924.035888671875,2952.3552093195044,2918.3083232724543,2950.4006679163926,2273810
2023-06-16,2886.397705078125,2908.6713974620043,2869.2152311642453,2906.4895735209416,4156189
2023-06-19,2918.672119140625,2922.7632059010452,2886.4889920742507,2900.1259479423184,1468186
2023-06-20,2934.400146484375,2938.7640167937166,2910.171910116586,2921.9451044006205,1528452
2023-06-21,2962.12841796875,2965.0375906543964,2930.9907039438817,2954.673593600641,1645987
2023-06-22,2944.218505859375,2970.719565585934,2936.5819000456095,2963.7648075039565,1529603
2023-06-23,2924.081787109375,2954.1283706652703,2917.5358703597485,2943.128025485959,1119505
2023-06-26,2899.807373046875,2921.8537828251756,2884.6704423318647,2913.76261193622,1978803
2023-06-27,2906.80810546875,2917.9902315635795,2893.1256488765357,2911.035472947951,863542
2023-06-28,2923.263427734375,2937.354949548723,2903.2170571492807,2916.490450350226,1575872
2023-06-30,3002.17578125,3009.2215416572035,2922.036027465169,2927.3998078961313,2672406
2023-07-03,2974.94775390625,3017.222321791973,2971.720296267923,3013.1312345772258,1687264
2023-07-04,3008.176025390625,3013.7670882199945,2979.4929186666623,2991.0388296361334,1656681
2023-07-05,3018.26708984375,3026.4947634355667,3004.6756362735196,3018.312590749799,1453008
2023-07-06,3020.94970703125,3025.9954257931986,3001.948968002728,3006.085556247414,1848238
2023-07-07,3026.721923828125,3051.8592867824045,3001.9481241962812,3001.9481241962812,1789326
2023-07-10,2974.629150390625,3022.6312796193856,2968.4925202267236,3022.6312796193856,1407431
2023-07-11,2975.0380859375,2995.58452074979,2964.4923069892843,2995.58452074979,1110172
2023-07-12,2963.67431640625,2990.2663825284512,2954.7650154067746,2982.811557100714,1515240
2023-07-13,3036.995361328125,3061.4508783669453,2975.356280703942,2985.583996893055,4585146
2023-07-14,3195.274658203125,3204.547964647963,3047.4047065554155,3059.223400226424,6306101
2023-07-17,3174.41015625,3227.321494187628,3161.091486422009,3191.0472847754263,2743228
2023-07-18,3179.092529296875,3203.775329331685,3150.136639084645,3160.137072859517,2600090
2023-07-19,3154.728271484375,3197.275622406531,3132.545354564023,3181.9566850121278,2405370
2023-07-20,3156.77880859375,3170.9979886535184,3131.940584552698,3147.4816096060504,1715404
2023-07-21,3070.186767578125,3130.8921637786366,3061.7554440058743,3102.772693816824,3770223
2023-07-24,3094.2958984375,3111.3408007755556,3073.650637395516,3081.7628492870426,1680132
2023-07-25,3098.30615234375,3105.2792181395616,3081.0333776826646,3096.8022755718303,1272980
2023-07-26,3088.416748046875,3118.0859374639376,3085.408771798231,3099.400300884362,1066803
2023-07-27,3096.25537109375,3109.699914070163,3085.454295510359,3094.4780014441108,1701769
2023-07-28,3058.42822265625,3093.338502704607,3036.1878482954903,3085.4085459262187,2599831
2023-07-31,3118.63232421875,3123.37205037006,3063.4412963787145,3066.6315266292045,2743678
2023-08-01,3146.524658203125,3153.7709950290664,3112.753742203544,3112.753742203544,1956167
2023-08-02,3136.133056640625,3141.374149337502,3111.477311631999,3130.9375831694133,1914899
2023-08-03,3099.03564453125,3129.3884555329005,3069.913440103345,3117.3111535491207,2026351
2023-08-04,3138.77685546875,3163.7973343932103,3100.220594527487,3100.220594527487,2248493
2023-08-07,3175.692138671875,3179.2924970791487,3136.6801334786755,3148.2560679609046,1853889
2023-08-08,3163.432861328125,3181.070146163837,3150.6719384869994,3175.692417693925,1634225
2023-08-09,3156.04931640625,3160.1510411495938,3121.913896104317,3158.2368139229097,1794589
2023-08-10,3137.455322265625,3158.237218937404,3126.4717689822373,3144.656039836463,1096701
2023-08-11,3143.561767578125,3159.831808251447,3111.841719602854,3133.8088225124093,1679974
2023-08-14,3144.519287109375,3149.213394617888,3109.1076379281085,3136.178979187144,1190425
2023-08-16,3152.3125,3159.2399472355787,3131.1658720380547,3144.6560351883286,1328445
2023-08-17,3131.667236328125,3154.5002181176783,3111.112990794358,3149.213505497685,1843241
2023-08-18,3069.09326171875,3108.1962872876197,3059.431330874163,3108.1962872876197,2526749
2023-08-21,3100.5849609375,3107.968154886351,3073.559239908139,3076.2937232176655,1375579
2023-08-22,3082.810546875,3109.1072480565263,3067.224126908382,3099.0808101413627,1222012
2023-08-23,3097.48583984375,3100.9039438382806,3077.205089476201,3088.143022258699,1330046
2023-08-24,3087.91552734375,3110.9763829614676,3079.1196943322775,3106.373291177773,1152881
2023-08-25,3082.0361328125,3086.137857710432,3053.734186510207,3076.2936734488317,1158046
2023-08-28,3076.794921875,3093.6119488049294,3062.7123781054756,3093.6119488049294,1037485
2023-08-29,3077.341796875,3089.555955621917,3067.1787231057706,3081.8082530524075,944517
2023-08-30,3090.83203125,3106.464294438142,3083.6313141767887,3097.2581115677926,1188200
2023-08-31,3059.7041015625,3114.9405224570287,3047.717818033805,3099.992104995013,3417652
2023-09-01,3080.121826171875,3089.0545157816123,3059.7044406634573,3068.0901446211,1277950
2023-09-04,3115.944091796875,3129.0241274875875,3071.782225743971,3079.0285628462316,1828332
2023-09-05,3125.833740234375,3141.921529082659,3103.7753953952833,3117.311177679923,1501842
2023-09-06,3126.334716796875,3139.095639063221,3097.349371389577,3130.071933045149,1314818
2023-09-07,3149.441162109375,3153.770760697037,3119.407464834157,3127.1551675699734,1885092
2023-09-08,3137.272705078125,3158.3283161992513,3131.029101522507,3149.441245179643,1518917
2023-09-11,3172.5927734375,3177.1958644886363,3140.0980883290167,3155.5934925384777,1783604
2023-09-12,3263.87890625,3272.1733710440712,3174.734717228666,3182.9381661103935,4476016
2023-09-13,3252.076171875,3271.217558912039,3231.248430776314,3255.038529392637,1754929
2023-09-14,3244.9658203125,3279.2834969091505,3231.794770182642,3254.0807646975677,2604721
2023-09-15,3279.83056640625,3288.0796357921176,3247.153400937542,3252.075604550965,2952897
2023-09-18,3286.985595703125,3298.971881144957,3258.820506435336,3263.195724267092,1395753
2023-09-20,3286.89453125,3304.167306178493,3263.1500568604156,3263.1500568604156,1649396
2023-09-21,3267.9814453125,3285.93784338978,3215.752763239707,3270.9438025915615,2004073
2023-09-22,3284.706787109375,3312.1428582437647,3249.52323591542,3266.796010717758,1989083
2023-09-25,3260.552734375,3299.610365979921,3243.6900847146053,3283.659210895764,1238778
2023-09-26,3268.345703125,3276.7770270409974,3223.0444721045315,3251.847786603666,1726062
2023-09-27,3271.626953125,3294.1408207023737,3241.000651722388,3272.264954709884,1541134
2023-09-28,3223.72802734375,3283.9322808574702,3215.160068443675,3281.38005186612,1755753
2023-09-29,3216.299560546875,3252.6224826131343,3195.289567953573,3224.138279675587,2243791
2023-10-03,3202.854736328125,3221.40351413728,3172.091799849083,3221.40351413728,1948148
2023-10-04,3224.6396484375,3233.982467007632,3169.5398507426544,3177.7433011944777,1788138
2023-10-05,3271.67236328125,3303.255553776505,3236.898719999821,3239.450948709078,2990768
2023-10-06,3300.88623046875,3313.2370259636054,3258.638592157678,3273.176885530309,2075691
2023-10-09,3316.336181640625,3353.3883449301275,3309.636607893801,3322.443150428711,4233074
2023-10-10,3307.721923828125,3325.1315558006227,3282.610431250672,3317.885219860744,1848148
2023-10-11,3290.404296875,3326.9553196741545,3285.938062308309,3326.9553196741545,2426417
2023-10-12,3229.014892578125,3271.0346556007717,3224.958786550778,3258.5928446615626,4241281
2023-10-13,3254.809814453125,3260.4154159090654,3213.017707877958,3217.575179804026,2890357
2023-10-16,3212.15185546875,3258.27333816753,3207.640002736549,3250.389000692715,1671104
2023-10-17,3196.656005859375,3221.357366915679,3193.2835215861855,3217.574754729887,1672065
2023-10-18,3178.609130859375,3210.9215657245095,3175.6467737942685,3200.2571247966926,1408245
2023-10-19,3157.955810546875,3177.3296712861907,3154.5288620352453,3170.6127629599455,1514545
2023-10-20,3193.505126953125,3198.0286547963883,3147.3555492799665,3153.1583821122936,1481211
2023-10-23,3116.37548828125,3179.2486146541296,3108.288023694424,3173.811234327899,1106272
2023-10-25,3098.053466796875,3129.9468505709046,3086.2646280054373,3098.418918791431,1518537
2023-10-26,3049.298583984375,3083.065403130757,3043.1300770713924,3077.9022236248165,1984471
2023-10-27,3062.275634765625,3072.3737549352513,3049.5274301662507,3061.4075190461313,1108851
2023-10-30,3087.49755859375,3091.42717042924,3046.5569067215974,3061.407015378283,910972
2023-10-31,3078.5419921875,3106.1860427295915,3061.4529873832034,3106.1860427295915,999811
2023-11-01,3043.72412109375,3081.14657643751,3025.767000563393,3065.9765288100825,1563475
2023-11-02,3070.63720703125,3085.121641576822,3055.1929592139313,3055.1929592139313,1245384
2023-11-03,3062.229736328125,3096.0422952066797,3056.1984407717223,3090.6506520884154,1402598
2023-11-06,3089.051513671875,3100.063486624272,3069.6321379850096,3084.2537855610026,1099852
2023-11-07,3080.095703125,3110.8925036423684,3076.0291020236123,3086.99533768145,1191144
2023-11-08,3090.2392578125,3108.8817673622384,3079.273023228274,3081.009254460664,992899
2023-11-09,3059.076904296875,3099.3321699375433,3054.1421877854477,3098.0528650963947,2112352
2023-11-10,3046.282958984375,3059.076899811592,3036.139325479398,3050.441034374945,1338557
2023-11-13,3044.546875,3066.8905352612105,3040.388799408238,3066.8905352612105,1030990
2023-11-15,3111.029541015625,3118.9800168000415,3066.936137613749,3091.6559037281313,2059802
2023-11-16,3196.520263671875,3225.3066282942846,3120.076339309424,3134.5609961485866,3951984
2023-11-17,3200.724365234375,3220.8748683172735,3191.6773098626118,3196.5207753389523,2021292
2023-11-20,3216.39697265625,3229.4648915192706,3190.489151953326,3190.489151953326,1475621
2023-11-21,3207.806396484375,3234.1711418231757,3199.398994448308,3216.396747586853,1807236
2023-11-22,3226.038330078125,3228.3229627561427,3181.2140154223466,3198.485749224696,1798051
2023-11-23,3206.0244140625,3238.69465500962,3198.4851276900877,3225.9007144988595,2729804
2023-11-24,3159.28125,3202.643529603171,3155.5343635105573,3193.230799217134,1989733
2023-11-28,3171.206787109375,3181.350644295862,3137.2572385975423,3159.28118436596,1689195
2023-11-29,3211.05078125,3214.934656261117,3176.37010665481,3181.122097340804,1441634
2023-11-30,3187.15380859375,3213.7010597281014,3181.122289556821,3197.9828327668433,3266235
2023-12-01,3209.131591796875,3213.9750570070746,3189.3925021316686,3198.4852942750963,1172141
2023-12-04,3209.862548828125,3242.1673378334053,3196.657419148335,3239.288567355795,1625213
2023-12-05,3227.363525390625,3233.212095675802,3201.0445128900183,3233.212095675802,1377656
2023-12-06,3293.6171875,3301.6134000384272,3221.4683255949626,3228.276707900282,1896572
2023-12-07,3303.48681640625,3317.788748405097,3282.2854733793333,3294.4397617823906,1967653
2023-12-08,3314.270751953125,3330.994307087806,3291.744363920943,3320.0280706858707,1641155
2023-12-11,3329.074951171875,3338.304955567598,3303.5785421234236,3310.797891464415,1102503
2023-12-12,3355.759765625,3379.7939215758247,3318.2003172411905,3325.4654041320105,2236866
2023-12-13,3283.9765625,3335.5635208236113,3256.0583081354866,3329.6692134701866,3850968
2023-12-14,3351.32763671875,3361.1515571208843,3315.0934521069,3317.2866102090293,3290396
2023-12-15,3528.386474609375,3560.3255927142964,3350.824789993706,3350.824789993706,8531230
2023-12-18,3526.7412109375,3590.5281905815186,3500.1937384877283,3525.736106571666,2521612
2023-12-19,3487.4453125,3522.9943233611416,3463.502411689987,3513.7643200390503,2004435
2023-12-20,3454.409423828125,3562.929447050241,3442.072410661821,3497.5432326471114,2586083
2023-12-21,3461.21826171875,3478.764194819794,3420.8717407298955,3432.6603552689257,1517562
2023-12-22,3494.57373046875,3514.632758384625,3437.9148467634514,3472.6412593570217,2413058
2023-12-26,3468.57470703125,3503.712309330165,3463.639767096589,3490.7813789656334,1285231
2023-12-27,3482.876220703125,3489.2731911736523,3443.3978189924524,3471.727259647645,1293976
2023-12-28,3472.5498046875,3507.3676920200533,3465.4219300223085,3494.5737504650037,1682889
2023-12-29,3466.60986328125,3493.2945492321064,3441.0219794117156,3465.33055833123,1574996
2024-01-01,3482.785400390625,3501.8848396305357,3447.967510419105,3463.503012056297,825907
2024-01-02,3457.288330078125,3482.7849604684966,3442.7124205931514,3482.7849604684966,1344068
2024-01-03,3373.716552734375,3446.9162616362587,3369.4214885871284,3442.483985684402,1803075
2024-01-04,3350.916259765625,3398.619342238505,3336.477337594187,3382.8553778250566,3598144
2024-01-05,3415.89111328125,3424.8926547692495,3358.2728588729105,3358.409847582414,1963127
2024-01-08,3361.425048828125,3417.581262942363,3356.033183042012,3415.8905458931986,1067805
2024-01-09,3372.025634765625,3429.0959253055153,3365.491675951761,3390.3484295340677,1370944
2024-01-10,3393.181640625,3407.9860133570014,3370.2895802803837,3372.1172861265227,1292227
2024-01-11,3413.743408203125,3447.9671563203865,3387.6528620407294,3403.188362082459,1777909
2024-01-12,3548.30810546875,3568.824058571868,3492.3803522837784,3516.505979741258,6813450
2024-01-15,3567.4990234375,3623.4267767315314,3550.3185441619166,3618.85751219593,2801505
2024-01-16,3528.66015625,3563.1123650684103,3523.4055022107223,3563.1123650684103,1432672
2024-01-17,3549.953125,3573.1191625440915,3484.109977812694,3490.0042844962854,3458696
2024-01-18,3566.402587890625,3572.0684315207345,3529.300069127091,3562.1987751054894,2239110
2024-01-19,3628.47119140625,3647.3356893209884,3602.7050479129484,3630.265574324088,2941975
2024-01-23,3550.436279296875,3620.050782713324,3536.172879483721,3588.8554368581126,2618854
2024-01-24,3535.29931640625,3573.8103676439687,3501.9874154730123,3570.4516563375996,2657709
2024-01-25,3506.3125,3552.9675849710666,3477.233473153438,3533.550863134138,2205154
2024-01-29,3497.75439453125,3515.2385654063073,3479.212061073679,3497.5703955598956,1646747
2024-01-30,3497.340087890625,3540.820457055553,3484.871069366822,3503.6895122527035,1411621
2024-01-31,3511.51171875,3528.121726426989,3493.5674376687984,3507.140675922528,2459358
2024-02-01,3546.663818359375,3593.3649569612444,3501.481176697016,3515.2384129880293,2363107
2024-02-02,3649.86669921875,3666.522537605696,3563.089954213246,3565.896668660393,2826510
2024-02-05,3656.30810546875,3701.1227492201515,3646.0016922235036,3665.2341894937504,1691523
2024-02-06,3806.02734375,3818.8183032267325,3671.6753146911265,3678.1168503309354,4474396
2024-02-07,3757.623779296875,3823.511577697095,3748.927750966108,3821.6711389111997,2124267
2024-02-08,3804.279052734375,3826.272206190014,3760.0624663137096,3763.697287955064,2345173
2024-02-09,3803.911376953125,3850.888400846203,3772.8998012950433,3806.533642964029,2100596
2024-02-12,3791.94873046875,3827.745179692485,3778.007045373113,3800.5065922172184,1013716
2024-02-13,3818.45068359375,3837.3151826933213,3755.875759751269,3796.3195851121786,1257415
2024-02-14,3772.991943359375,3786.6110118014235,3726.4287482560744,3779.3413678448446,1391283
2024-02-15,3775.8447265625,3815.505826442883,3757.2561134518432,3798.665989794075,1091582
2024-02-16,3798.94189453125,3817.024566750078,3772.9919748251077,3785.092771105926,1307556
2024-02-19,3776.396484375,3798.941861408623,3731.489953932272,3794.110709187132,772291
2024-02-20,3709.082275390625,3771.0591425249713,3690.0798344375635,3756.4277437698097,1193648
2024-02-21,3673.055908203125,3739.1737650742916,3663.0256061355944,3692.8406262355356,1885939
2024-02-22,3761.029052734375,3768.252640712782,3654.191483338692,3654.191483338692,2982052
2024-02-23,3728.821533203125,3800.5065425299695,3723.5761023123614,3800.5065425299695,2538072
2024-02-26,3681.843994140625,3726.8886902919344,3665.0039336444943,3714.0056182761105,1379284
2024-02-27,3776.94873046875,3794.985122078048,3679.957687485479,3679.957687485479,2960475
2024-02-28,3790.33837890625,3823.4200011181556,3762.777624498999,3768.8511632078385,1939225
2024-02-29,3768.390869140625,3807.9603066412583,3740.278119193048,3771.979635234801,3772719
2024-03-01,3767.700927734375,3809.7088594718166,3760.7532253406666,3779.525838576427,2043265
2024-03-04,3755.139404296875,3789.371522353806,3750.722306075315,3777.500781504877,1749271
2024-03-05,3692.012451171875,3739.7717495452293,3662.473317714078,3737.9313106921068,2070859
2024-03-06,3740.04833984375,3747.1339854041835,3642.6430111880313,3675.402916839171,1744204
2024-03-07,3780.813720703125,3794.9850103625763,3715.570026925066,3740.692062833141,2688905
2024-03-11,3793.466796875,3821.6714335783654,3762.7773878887397,3762.7773878887397,2304068
2024-03-12,3857.790283203125,3892.482738841845,3792.270473640545,3793.4670286122573,4039801
2024-03-13,3817.990478515625,3902.6506674824695,3802.2546361359555,3869.522767451965,2837260
2024-03-14,3871.915283203125,3887.9270110877537,3760.0165129714937,3822.0854919676153,2919608
2024-03-15,3882.63623046875,3900.8105660856863,3843.75695554138,3858.1124699951356,3373143
2024-03-18,3821.211669921875,3915.3041186273567,3789.326152475134,3878.9554465113024,1526904
2024-03-19,3659.989013671875,3734.250681402964,3650.142710085243,3728.0391998604628,8931209
2024-03-20,3654.09912109375,3697.441544645537,3644.252818458466,3667.9945238818095,1817913
2024-03-21,3655.986328125,3688.6080672382363,3633.0268945824614,3671.7221727767583,3829582
2024-03-22,3598.885986328125,3623.824022104687,3547.4458113797787,3586.095026445395,5852485
2024-03-26,3568.151123046875,3631.8302677248153,3562.5837501208753,3565.850574289269,3440925
2024-03-27,3534.47119140625,3584.255159090906,3523.8886665462896,3578.2737319961457,1968575
2024-03-28,3567.046875,3602.659324539871,3534.102972131641,3542.937169152786,4311783
2024-04-01,3604.269775390625,3619.499453254275,3577.8595203158884,3586.7395487458493,1569676
2024-04-02,3573.948486328125,3597.9202488822098,3564.0100709420926,3579.653802211397,2142666
2024-04-03,3632.382568359375,3663.393921354347,3543.7653833548334,3543.7653833548334,3973090
2024-04-04,3683.91455078125,3707.241978924869,3621.2935725878497,3658.7004031789797,3394637
2024-04-05,3661.783203125,3682.7181953650183,3644.529088641468,3660.632928826098,1636819
2024-04-08,3655.617919921875,3710.9229755652163,3644.0691205793664,3665.2341685019233,2302538
2024-04-09,3631.69189453125,3695.4631434716894,3611.907177559117,3666.1540659059356,1876992
2024-04-10,3666.75244140625,3671.859704425388,3605.419903259126,3640.756241235992,2101965
2024-04-12,3682.166259765625,3693.163062647417,3630.7260789894453,3654.1916765092096,4354821
2024-04-15,3626.768798828125,3739.95578953719,3606.386028171306,3682.165963982411,4200329
2024-04-16,3563.825927734375,3615.2661050786087,3554.669789147579,3590.6962907179723,3051420
2024-04-18,3553.8876953125,3621.983938050233,3542.84506135503,3567.5069887926393,3476284
2024-04-19,3520.943603515625,3545.191475811575,3497.6620065717075,3531.8022379238537,2957749
2024-04-22,3556.2802734375,3568.6111245390066,3507.876639180684,3530.8821260588365,1728883
2024-04-23,3565.574462890625,3584.2549637317557,3552.5995026977444,3567.737068587587,1807586
2024-04-24,3525.40625,3587.0148881775986,3519.3327126586983,3579.653133661072,1317312
2024-04-25,3544.869384765625,3564.6080473941747,3506.9563876693583,3507.1403866301107,2856271
2024-04-26,3516.480712890625,3567.5068368634634,3499.1805421614235,3547.583950815871,2039178
2024-04-29,3561.43359375,3568.427352070046,3514.5023975397753,3531.8025697028056,1110693
2024-04-30,3515.83642578125,3572.0619252249066,3506.036178297648,3563.089785398555,2203078
2024-05-02,3555.083984375,3562.261741296734,3476.635273211625,3476.635273211625,2491044
2024-05-03,3536.771240234375,3582.966434995953,3494.6253703944135,3579.791498256479,2962234
2024-05-06,3608.226806640625,3625.618865765193,3545.6058231496777,3545.6058231496777,2053831
2024-05-07,3661.50732421875,3669.8353556027478,3601.2790030469796,3617.1988452844685,2062112
2024-05-08,3659.666748046875,3666.4304509643703,3624.3764664424393,3644.9892925462136,1247685
2024-05-09,3644.25341796875,3654.191834044049,3598.1044973888866,3645.9098580917957,1726486
2024-05-10,3583.242919921875,3656.584599916785,3575.0991114656995,3646.4621845728734,1672489
2024-05-13,3632.8427734375,3639.4683092448704,3561.2496477313903,3574.5928311660427,931326
2024-05-14,3589.960205078125,3631.0020839186186,3582.322338430397,3621.983888045264,1058317
2024-05-15,3570.8193359375,3613.655594732349,3566.3103506592815,3592.996713752849,1115021
2024-05-16,3615.821044921875,3623.746152107256,3562.5702354838822,3606.691138597264,2599399
2024-05-17,3553.857177734375,3633.4784647992665,3550.0567653523444,3632.5515570276343,2765804
2024-05-21,3540.972900390625,3563.7285306494523,3531.564877355128,3550.6128766567804,1908117
2024-05-22,3551.910400390625,3560.4842968425073,3538.516629030364,3554.6911235642083,1311168
2024-05-23,3608.869140625,3619.574971009692,3545.8858006651926,3560.206480963538,2095742
2024-05-24,3568.131591796875,3599.924574735908,3563.3117164748414,3594.7801911641072,1309452
2024-05-27,3565.860595703125,3622.6800874842297,3560.5772666527496,3573.2294672441094,1841538
2024-05-28,3559.23291015625,3587.132923412234,3550.0566141263193,3576.0100306264594,1801993
2024-05-29,3525.6328125,3567.57539103945,3522.2496895007944,3567.57539103945,1568095
2024-05-30,3463.019775390625,3517.05831056287,3443.8789965648743,3500.930207907357,2919230
2024-05-31,3402.6318359375,3475.718599887057,3386.689068476094,3466.6348590080306,10956800
2024-06-03,3432.20068359375,3477.3410487975398,3425.8512745605985,3459.961527315394,2156773
2024-06-04,3443.462158203125,3471.2693896287224,3328.989055501083,3429.5585424903265,3395997
2024-06-05,3472.613525390625,3507.2336206771465,3429.5587052821297,3444.389229413079,2799670
2024-06-06,3550.42724609375,3559.2328694484427,3468.02524016659,3504.63809516768,4328036
2024-06-07,3609.332275390625,3628.8437281793376,3556.823043507588,3556.823043507588,4552445
2024-06-10,3576.658935546875,3620.4089366489284,3561.08683988795,3610.3057325626605,1734661
2024-06-11,3570.541748046875,3596.3559953752433,3560.2529805994373,3563.960611925237,1419898
2024-06-12,3551.586181640625,3608.9155195936296,3547.693214139478,3591.211490093849,2177001
2024-06-13,3594.6875,3605.6714482720763,3570.4489508339425,3574.898153664247,1932323
2024-06-14,3551.95703125,3604.7443844726295,3548.2030094526167,3604.7443844726295,1860730
2024-06-18,3536.24609375,3561.179823442644,3517.661546809407,3546.395689059985,1774045
2024-06-19,3523.8251953125,3553.6254156533255,3515.7147523909116,3547.8784064893566,1509050
2024-06-20,3510.431640625,3531.4724028758133,3503.757949581445,3518.542084048452,2846526
2024-06-21,3532.213623046875,3594.3628314432963,3520.4419401652044,3547.275873620781,4642195
2024-06-24,3537.822021484375,3575.083672788881,3514.1858706790554,3530.360367833718,1702154
2024-06-25,3557.889404296875,3566.416911288198,3515.668706319215,3538.0072761024458,1338808
2024-06-26,3574.017578125,3584.3061190627222,3560.2529065957383,3563.4970839383795,1639845
2024-06-27,3646.594482421875,3653.8707996721914,3539.0270058477204,3550.9840267742684,4526556
2024-06-28,3618.787109375,3670.555002133022,3612.94777109011,3631.4395370159273,2731571
2024-07-01,3687.4248046875,3709.207139405148,3600.1101295040166,3600.1101295040166,2658723
2024-07-02,3723.75927734375,3729.320724102144,3691.4566765329196,3701.699052905465,2307449
2024-07-03,3675.42138671875,3731.8238204391223,3665.9205811670527,3726.1695919826934,1821198
2024-07-04,3727.0498046875,3751.5203059355035,3691.039573096493,3707.4921862442698,2518001
2024-07-05,3718.56884765625,3732.4260743437953,3696.508396221036,3716.900368316538,1668616
2024-07-08,3701.328125,3736.5970115088844,3687.285562563459,3728.023114490228,1758882
2024-07-09,3694.190673828125,3714.072798924903,3684.5509241738773,3693.727219973674,1305801
2024-07-10,3623.421630859375,3710.6901382951037,3616.794330433944,3692.5226544204043,2669716
2024-07-11,3636.908203125,3689.0931591530957,3610.8622289094983,3643.674675535382,4872189
2024-07-12,3878.13623046875,3892.966755879167,3681.0291429084155,3689.0931958411575,13509164
2024-07-15,3864.46435546875,3930.089249638286,3853.20206311634,3926.103726954822,4848030
2024-07-16,3873.03857421875,3887.9614296375316,3841.9405419889817,3867.059837105984,2029521
2024-07-18,4000.116943359375,4008.8764034741735,3855.936610046835,3855.936610046835,5613364
2024-07-19,3997.190185546875,4049.5428404415234,3981.2568871814256,4011.1260943754664,3903354
2024-07-22,3983.208251953125,4013.495719745839,3962.443655783337,3994.9145068230564,1896386
2024-07-23,3997.14404296875,4052.2838814085662,3963.6511354841136,3979.1666292711343,2365208
2024-07-24,4000.767333984375,4031.287066378296,3965.3237617134737,3983.3474471890877,1809793
2024-07-25,4015.8642578125,4034.909999231854,3970.990814364529,3990.315092493855,2810342
2024-07-26,4076.578369140625,4108.723954458355,4029.3818216621617,4041.4133370768022,3552210
2024-07-29,4070.30810546875,4116.668145742772,4060.924501250656,4101.803173878207,1746803
2024-07-30,4055.6748046875,4086.0085427265517,4020.323776464771,4079.598115277588,1797906
2024-07-31,4074.25634765625,4100.87384543508,4036.7686584538783,4041.4139618583135,2330091
2024-08-01,4085.1728515625,4105.7977266989665,4055.3961842561653,4087.309509692771,2202244
2024-08-02,3979.212646484375,4086.0083392177967,3967.088587644382,4055.349340765276,2811282
2024-08-05,3860.293212890625,3938.2880347144414,3818.903743027533,3938.2880347144414,2787771
2024-08-06,3875.298095703125,3956.1726465616275,3865.63550170226,3875.065830532775,2203067
2024-08-07,3902.47265625,3943.8158516524645,3883.7517228332504,3928.0680935195514,1237666
2024-08-08,3876.551513671875,3931.7843462117903,3864.891984934085,3884.4022569734157,2441283
2024-08-09,3928.764892578125,3951.898410084894,3907.210505857532,3917.848430860645,1302536
2024-08-12,3898.01318359375,3938.288053067427,3889.3731010986708,3929.926507307199,936912
2024-08-13,3899.220947265625,3933.642459984778,3886.260370835221,3914.132187982019,1495593
2024-08-14,3990.547607421875,4000.721002615426,3891.0451248057766,3910.416129361195,3226545
2024-08-16,4102.77783203125,4112.951226936545,4018.280043659057,4041.413561593398,3457058
2024-08-19,4171.4814453125,4175.429952248486,4078.9006616478773,4107.376273881194,2055210
2024-08-20,4202.419921875,4241.161933038117,4180.772989851375,4185.418293173432,2212298
2024-08-21,4228.619140625,4236.516155388334,4173.8508391327405,4197.495611851862,1896990
2024-08-22,4182.630859375,4237.39916370202,4178.171549911448,4236.516374666815,1829872
2024-08-23,4147.23388671875,4186.347432150737,4138.965337379391,4180.773068059991,1809253
2024-08-26,4183.04931640625,4229.223358650871,4166.837026562577,4170.553269172667,1844164
2024-08-27,4178.12451171875,4190.063030371992,4168.50864441272,4185.417727677566,930697
2024-08-28,4186.39306640625,4238.838715366386,4141.101365063979,4179.611105918801,1848058
2024-08-29,4191.7353515625,4232.8000107357375,4143.61019488178,4143.61019488178,2133641
2024-08-30,4230.7099609375,4266.478796182319,4169.438229236293,4180.77295069311,3637222
2024-09-02,4200.3291015625,4262.5298880777955,4191.921284875112,4251.3811612563195,1216500
2024-09-03,4192.24658203125,4232.706988670382,4176.9633540945715,4200.329136859027,1717263
2024-09-04,4161.4951171875,4168.695337572208,4121.963766080883,4159.358459046624,1265505
2024-09-05,4158.42919921875,4179.843865751271,4138.1754048562225,4163.120774045665,1688793
2024-09-06,4140.5908203125,4198.378570967705,4125.029055295338,4156.570844055927,1649179
2024-09-09,4133.90185546875,4171.714807408975,4116.203430594168,4138.965417739988,1184938
2024-09-10,4188.06591796875,4217.88885396822,4125.447324234446,4127.305445435125,1385591
2024-09-11,4161.587890625,4226.622135770557,4154.062408672436,4200.701434505407,1325919
2024-09-12,4197.2177734375,4211.060687361837,4116.9465647505085,4190.296089653868,2742216
2024-09-13,4201.76904296875,4224.438028089181,4185.417487693372,4208.643999833735,1458786
2024-09-16,4193.0830078125,4223.556015887551,4175.616848928026,4205.857591838961,1155120
2024-09-17,4186.0224609375,4214.033551710522,4149.185293074418,4193.083413338136,1699364
2024-09-18,4037.8369140625,4178.032077529696,4014.4711290917844,4178.032077529696,2961779
2024-09-19,3991.38330078125,4108.491652642897,3978.0511914620456,4078.621993722427,2927551
2024-09-20,3980.931884765625,4023.4831346819124,3927.6038942336454,4010.6618255380617,5447908
2024-09-23,3965.695068359375,4003.693555186361,3951.294629432452,3994.960476501186,1702319
2024-09-24,3968.29638671875,3986.5990621222545,3939.216971195143,3950.0404365312907,3012026
2024-09-25,3971.501708984375,3985.29834930729,3939.2168538730334,3950.69084274909,2713073
2024-09-26,3987.992431640625,4010.5684216660406,3957.7979636084015,3957.7979636084015,3964251
2024-09-27,4003.04345703125,4067.4271730367495,3995.006720191253,4027.47756855055,3012477
2024-09-30,3965.695068359375,3993.799150781273,3957.8443250356186,3982.7896922279247,2503416
2024-10-01,3983.718994140625,3991.01221083208,3941.9579909083504,3953.663791959934,1823365
2024-10-03,3932.481201171875,3975.4502533375357,3911.345072809307,3960.2137504333123,3350119
2024-10-04,3950.597900390625,3993.1024224537377,3924.398210251953,3925.280999271066,2965463
2024-10-07,3969.736083984375,3992.40506851833,3929.3682254716664,3970.711416011911,1472619
2024-10-08,3951.527099609375,3975.8219442019727,3905.724592296589,3969.5045134149964,1541867
2024-10-09,3951.248779296875,3990.3155992244356,3945.4421500779804,3957.7984755986254,1082504
2024-10-10,3927.510498046875,3989.246753361262,3900.7537355297673,3951.526804113441,2378875
2024-10-11,3854.8583984375,3941.028768538948,3820.7154216048507,3849.098041297021,5759183
2024-10-14,3843.19873046875,3869.909224735711,3829.7740759707513,3846.311174442351,2137590
2024-10-15,3824.7568359375,3874.1367741225554,3804.503494517866,3837.9959506620125,2759474
2024-10-16,3804.456787109375,3823.0844981328532,3778.675354588552,3795.212679191423,2359151
2024-10-17,3817.51025390625,3836.9742562004353,3802.5987849412795,3821.0405029589083,2522659
2024-10-18,3839.908447265625,3861.4221966319437,3799.8149930258223,3809.128265067552,2361000
2024-10-21,3799.67529296875,3855.6481475353057,3790.501629279664,3848.802801800323,1595450
2024-10-22,3739.744140625,3808.941792786158,3731.222588221232,3786.7761613201965,1928049
2024-10-23,3787.009033203125,3831.0606256089795,3720.791581721823,3724.936169449571,1966476
2024-10-24,3769.919189453125,3798.8835556125446,3729.034017325969,3729.034017325969,2676744
2024-10-25,3778.906494140625,3810.990668738502,3755.762923689694,3778.440830569176,1759676
2024-10-28,3809.91943359375,3850.1061056967715,3772.8059589205664,3789.5232343448033,1532534
2024-10-29,3795.39111328125,3821.701106275593,3781.2815973687175,3814.576544255364,1445885
2024-10-30,3804.145263671875,3824.960515939356,3781.2347527404995,3795.158047833668,1935002
2024-10-31,3695.92529296875,3798.231674391787,3688.0556237919313,3790.5016133417075,3740372
2024-11-01,3710.593505859375,3724.3305810268316,3703.003280699814,3715.855640568731,154895
2024-11-04,3691.920654296875,3717.7649842744486,3644.5161904410857,3693.923144215517,2269192
2024-11-05,3698.6259765625,3712.2698276535116,3670.45333173397,3670.45333173397,967590
2024-11-06,3855.368408203125,3864.8212879793314,3702.258313204772,3728.661529286281,3792017
2024-11-07,3865.845703125,3916.975471746434,3804.5179478782275,3883.3549260647524,3724349
2024-11-08,3862.213623046875,3883.401315336317,3834.879080725745,3869.6642401156896,1648039
2024-11-11,3910.363525390625,3943.518408459811,3834.879186284666,3844.704960664376,1406487
2024-11-12,3909.15234375,3928.3377732797053,3878.3721644817633,3926.4751190486577,1587640
2024-11-13,3865.333984375,3908.547476051825,3847.359096337812,3891.178314501988,1098813
2024-11-14,3861.189208984375,3874.3210129831064,3833.761896778277,3851.0378338185446,1825432
2024-11-18,3743.469482421875,3923.6812860911455,3716.181551430071,3923.6812860911455,3313944
2024-11-19,3762.142822265625,3848.3835842405188,3738.4405905885956,3743.8421064286954,1776233
2024-11-21,3793.15576171875,3811.409636894372,3747.660340835974,3767.124986745769,2384347
2024-11-22,3953.112060546875,3962.7513893249507,3775.6009811869194,3791.4335457355573,3096553
2024-11-25,4018.770263671875,4030.877517790061,3960.189871234577,3986.0805866028463,4052167
2024-11-26,4053.787841796875,4066.733198149224,4014.0199908461996,4024.3109738880953,2060669
2024-11-27,4035.02099609375,4076.7911069702654,4027.104715840101,4059.6083950341376,1558993
2024-11-28,3953.390380859375,4041.9132960200004,3942.307679137016,4022.401811054281,2558544
2024-11-29,3977.55810546875,4003.495653998375,3907.5221314685823,3930.200035419068,2017425
2024-12-02,3982.960205078125,3993.7173066183545,3939.560268502564,3976.766970418375,1670944
2024-12-03,4007.267578125,4027.9896055756494,3972.5292600738435,4018.0710631615407,2010905
2024-12-04,4055.370849609375,4085.6858211811555,3994.5085294279797,4017.3260445950987,3302642
2024-12-05,4157.4912109375,4180.728007626903,4060.5867928833363,4098.584762623309,3746747
2024-12-06,4140.21484375,4158.375723168091,4109.713879599103,4147.199797372343,1842087
2024-12-09,4146.40869140625,4162.474087112963,4112.322021739467,4126.19916212064,2066639
2024-12-10,4128.15478515625,4185.198584263352,4109.109414059275,4122.194381179075,2087828
2024-12-11,4123.40478515625,4143.148648906342,4104.358962055129,4127.502533877997,1635256
2024-12-12,4149.01611328125,4177.002312539005,4122.054010099808,4125.825703197917,1914642
2024-12-13,4166.6640625,4186.221930852545,4092.6235608796533,4130.389146191078,1967048
2024-12-16,4111.99560546875,4167.6887843067,4095.045270300907,4152.787550664486,1646224
2024-12-17,4031.249267578125,4128.526563027335,4021.470333233763,4107.152424631981,3225027
2024-12-18,4049.2705078125,4062.44869495374,3995.0207057764947,4015.6031250525107,1575404
2024-12-19,3978.53662109375,4064.3119481632502,3969.3165726562265,3987.94311687329,3015763
2024-12-20,3883.91357421875,4081.075721006082,3867.3361322404735,4031.715380245397,4116989
2024-12-23,3872.7373046875,3927.4063874513017,3832.31779942793,3911.6202111793405,2195338
2024-12-24,3892.48193359375,3928.338029883583,3872.7376155550933,3872.7376155550933,1181886
2024-12-26,3882.7958984375,3911.527430384508,3858.62777832456,3892.48160931481,1208464
2024-12-27,3878.83837890625,3893.8328385455884,3862.4469283952276,3877.1153325479127,858100
2024-12-30,3873.20263671875,3910.921381105124,3829.616713994305,3865.93846784785,1527169
2024-12-31,3813.598388671875,3855.6479451405453,3755.1576110916253,3851.0376939335874,1555429
